policy,N,workload,g,L,Q,age_layout,makespan_med,makespan_p5,makespan_p95,first_plain_med,first_plain_p5,first_plain_p95,plain_mean_med,plain_mean_p5,plain_mean_p95,plain_p50_med,plain_p50_p5,plain_p50_p95,plain_p95_med,plain_p95_p5,plain_p95_p95,lane_mean_med,lane_mean_p5,lane_mean_p95,lane_p95_med,lane_p95_p5,lane_p95_p95,drain_p50_med,drain_p50_p5,drain_p50_p95,drain_p95_med,drain_p95_p5,drain_p95_p95,drain_max_med,drain_max_p5,drain_max_p95,drain_share_med,drain_share_p5,drain_share_p95,drain_idle_slots_med,drain_idle_slots_p5,drain_idle_slots_p95,park_slot_minutes_med,park_slot_minutes_p5,park_slot_minutes_p95,integrator_util_med,integrator_util_p5,integrator_util_p95,conflicts_med,conflicts_p5,conflicts_p95,recovery_attempts_med,recovery_attempts_p5,recovery_attempts_p95,unpublished_med,unpublished_p5,unpublished_p95,cycles_med,cycles_p5,cycles_p95,drain_count_med,drain_count_p5,drain_count_p95,drain_grants_med,drain_grants_p5,drain_grants_p95,cohort_mean_med,cohort_mean_p5,cohort_mean_p95,cohort_p50_med,cohort_p50_p5,cohort_p50_p95,cohort_max_med,cohort_max_p5,cohort_max_p95,idle_slots_total_med,idle_slots_total_p5,idle_slots_total_p95,idle_with_lane_demand_med,idle_with_lane_demand_p5,idle_with_lane_demand_p95,agent_slot_util_med,agent_slot_util_p5,agent_slot_util_p95,held_slot_util_med,held_slot_util_p5,held_slot_util_p95,serial_turns_med,serial_turns_p5,serial_turns_p95,refill_turns_with_lanes_med,refill_turns_with_lanes_p5,refill_turns_with_lanes_p95,starved_plain_med,starved_plain_p5,starved_plain_p95,postwarm_plain_mean_med,postwarm_plain_mean_p5,postwarm_plain_mean_p95,priority_plain_mean_med,priority_plain_mean_p5,priority_plain_mean_p95,first_priority_plain_med,first_priority_plain_p5,first_priority_plain_p95,priority_plain_p95_med,priority_plain_p95_p5,priority_plain_p95_p95,priority_plain_count_med,priority_plain_count_p5,priority_plain_count_p95,normal_plain_count_med,normal_plain_count_p5,normal_plain_count_p95,normal_plain_mean_med,normal_plain_mean_p5,normal_plain_mean_p95,priority_fraction_med,priority_fraction_p5,priority_fraction_p95,unlicensed_plain_mean_med,unlicensed_plain_mean_p5,unlicensed_plain_mean_p95,unlicensed_plain_p95_med,unlicensed_plain_p95_p5,unlicensed_plain_p95_p95,unlicensed_plain_count_med,unlicensed_plain_count_p5,unlicensed_plain_count_p95,lane_supply_med,lane_supply_p5,lane_supply_p95,plain_supply_med,plain_supply_p5,plain_supply_p95,first_drain_med,first_drain_p5,first_drain_p95,delta_makespan_med,delta_makespan_p5,delta_makespan_p95,delta_first_plain_med,delta_first_plain_p5,delta_first_plain_p95,delta_plain_mean_med,delta_plain_mean_p5,delta_plain_mean_p95,delta_plain_p50_med,delta_plain_p50_p5,delta_plain_p50_p95,delta_plain_p95_med,delta_plain_p95_p5,delta_plain_p95_p95,delta_lane_mean_med,delta_lane_mean_p5,delta_lane_mean_p95,delta_lane_p95_med,delta_lane_p95_p5,delta_lane_p95_p95,delta_drain_p50_med,delta_drain_p50_p5,delta_drain_p50_p95,delta_drain_p95_med,delta_drain_p95_p5,delta_drain_p95_p95,delta_drain_max_med,delta_drain_max_p5,delta_drain_max_p95,delta_drain_share_med,delta_drain_share_p5,delta_drain_share_p95,delta_drain_idle_slots_med,delta_drain_idle_slots_p5,delta_drain_idle_slots_p95,delta_park_slot_minutes_med,delta_park_slot_minutes_p5,delta_park_slot_minutes_p95,delta_integrator_util_med,delta_integrator_util_p5,delta_integrator_util_p95,delta_conflicts_med,delta_conflicts_p5,delta_conflicts_p95,delta_recovery_attempts_med,delta_recovery_attempts_p5,delta_recovery_attempts_p95,delta_unpublished_med,delta_unpublished_p5,delta_unpublished_p95,delta_cycles_med,delta_cycles_p5,delta_cycles_p95,delta_drain_count_med,delta_drain_count_p5,delta_drain_count_p95,delta_drain_grants_med,delta_drain_grants_p5,delta_drain_grants_p95,delta_cohort_mean_med,delta_cohort_mean_p5,delta_cohort_mean_p95,delta_cohort_p50_med,delta_cohort_p50_p5,delta_cohort_p50_p95,delta_cohort_max_med,delta_cohort_max_p5,delta_cohort_max_p95,delta_idle_slots_total_med,delta_idle_slots_total_p5,delta_idle_slots_total_p95,delta_idle_with_lane_demand_med,delta_idle_with_lane_demand_p5,delta_idle_with_lane_demand_p95,delta_agent_slot_util_med,delta_agent_slot_util_p5,delta_agent_slot_util_p95,delta_held_slot_util_med,delta_held_slot_util_p5,delta_held_slot_util_p95,delta_serial_turns_med,delta_serial_turns_p5,delta_serial_turns_p95,delta_refill_turns_with_lanes_med,delta_refill_turns_with_lanes_p5,delta_refill_turns_with_lanes_p95,delta_starved_plain_med,delta_starved_plain_p5,delta_starved_plain_p95,delta_postwarm_plain_mean_med,delta_postwarm_plain_mean_p5,delta_postwarm_plain_mean_p95,delta_priority_plain_mean_med,delta_priority_plain_mean_p5,delta_priority_plain_mean_p95,delta_first_priority_plain_med,delta_first_priority_plain_p5,delta_first_priority_plain_p95,delta_priority_plain_p95_med,delta_priority_plain_p95_p5,delta_priority_plain_p95_p95,delta_priority_plain_count_med,delta_priority_plain_count_p5,delta_priority_plain_count_p95,delta_normal_plain_count_med,delta_normal_plain_count_p5,delta_normal_plain_count_p95,delta_normal_plain_mean_med,delta_normal_plain_mean_p5,delta_normal_plain_mean_p95,delta_priority_fraction_med,delta_priority_fraction_p5,delta_priority_fraction_p95,delta_unlicensed_plain_mean_med,delta_unlicensed_plain_mean_p5,delta_unlicensed_plain_mean_p95,delta_unlicensed_plain_p95_med,delta_unlicensed_plain_p95_p5,delta_unlicensed_plain_p95_p95,delta_unlicensed_plain_count_med,delta_unlicensed_plain_count_p5,delta_unlicensed_plain_count_p95,delta_lane_supply_med,delta_lane_supply_p5,delta_lane_supply_p95,delta_plain_supply_med,delta_plain_supply_p5,delta_plain_supply_p95,delta_first_drain_med,delta_first_drain_p5,delta_first_drain_p95
P0,16,A,5,6,20,shuffled,866.937874,664.385897,1089.511542,129.541321,78.333396,208.743998,504.488637,381.927282,615.805271,493.279672,352.338979,628.779403,795.45052,607.288648,1045.774096,0.0,0.0,0.0,0.0,0.0,0.0,0.0,0.0,0.0,5.39086,0.0,8.831324,129.541321,78.333396,208.743998,0.154803,0.09195,0.240664,1758.209592,1026.394614,2996.961531,0.0,0.0,64.93781,0.079709,0.031324,0.204532,1.5,0.0,4.0,3.0,0.0,10.55,0.0,0.0,1.0,1.0,1.0,1.0,1.0,1.0,1.0,20.0,20.0,21.0,6.0,6.0,6.0,6.0,6.0,6.0,6.0,6.0,6.0,13516.284073,10341.32423,17115.797203,0.0,0.0,0.0,0.021052,0.011595,0.029184,0.022284,0.013216,0.032492,20.0,20.0,21.0,0.0,0.0,0.0,0.0,0.0,0.0,0.0,0.0,0.0,0.0,0.0,0.0,0.0,0.0,0.0,0.0,0.0,0.0,0.0,0.0,0.0,20.0,20.0,20.0,504.488637,381.927282,615.805271,0.0,0.0,0.0,0.0,0.0,0.0,0.0,0.0,0.0,0.0,0.0,0.0,6.0,6.0,6.0,20.0,20.0,20.0,129.541321,78.333396,208.743998,0.0,0.0,0.0,0.0,0.0,0.0,0.0,0.0,0.0,0.0,0.0,0.0,0.0,0.0,0.0,0.0,0.0,0.0,0.0,0.0,0.0,0.0,0.0,0.0,0.0,0.0,0.0,0.0,0.0,0.0,0.0,0.0,0.0,0.0,0.0,0.0,0.0,0.0,0.0,0.0,0.0,0.0,0.0,0.0,0.0,0.0,0.0,0.0,0.0,0.0,0.0,0.0,0.0,0.0,0.0,0.0,0.0,0.0,0.0,0.0,0.0,0.0,0.0,0.0,0.0,0.0,0.0,0.0,0.0,0.0,0.0,0.0,0.0,0.0,0.0,0.0,0.0,0.0,0.0,0.0,0.0,0.0,0.0,0.0,0.0,0.0,0.0,0.0,0.0,0.0,0.0,0.0,0.0,0.0,0.0,0.0,0.0,0.0,0.0,0.0,0.0,0.0,0.0,0.0,0.0,0.0,0.0,0.0,0.0,0.0,0.0,0.0,0.0,0.0,0.0,0.0,0.0,0.0,0.0,0.0,0.0,0.0,0.0,0.0,0.0,0.0,0.0,0.0,0.0,0.0,0.0,0.0
P1a,16,A,5,6,20,shuffled,866.937874,664.385897,1089.511542,0.0,0.0,0.0,496.418632,374.855585,611.597463,493.279672,352.338979,628.779403,795.45052,607.288648,1045.774096,40.663333,0.450231,113.784031,40.663333,0.450231,113.784031,0.0,0.0,0.0,5.39086,0.0,8.831324,129.541321,78.333396,208.743998,0.154803,0.09195,0.240664,1758.209592,1026.394614,2996.961531,0.0,0.0,64.93781,0.079709,0.031324,0.204532,1.5,0.0,4.0,3.0,0.0,10.55,0.0,0.0,1.0,1.0,1.0,1.0,1.0,1.0,1.0,20.0,20.0,21.0,6.0,6.0,6.0,6.0,6.0,6.0,6.0,6.0,6.0,13516.284073,10341.32423,17115.797203,650.613333,7.203693,1820.544493,0.021052,0.011595,0.029184,0.022284,0.013216,0.032492,20.0,20.0,21.0,1.0,1.0,1.0,0.0,0.0,0.0,0.0,0.0,0.0,0.0,0.0,0.0,0.0,0.0,0.0,0.0,0.0,0.0,0.0,0.0,0.0,20.0,20.0,20.0,496.418632,374.855585,611.597463,0.0,0.0,0.0,0.0,0.0,0.0,0.0,0.0,0.0,0.0,0.0,0.0,6.0,6.0,6.0,20.0,20.0,20.0,0.0,0.0,0.0,0.0,0.0,0.0,-129.541321,-208.743998,-78.333396,-6.477066,-10.4372,-3.91667,0.0,0.0,0.0,0.0,0.0,0.0,40.663333,0.450231,113.784031,40.663333,0.450231,113.784031,0.0,0.0,0.0,0.0,0.0,0.0,0.0,0.0,0.0,0.0,0.0,0.0,0.0,-0.0,0.0,0.0,-0.0,0.0,0.0,-0.0,0.0,0.0,0.0,0.0,0.0,0.0,0.0,0.0,0.0,0.0,0.0,0.0,0.0,0.0,0.0,0.0,0.0,0.0,0.0,0.0,0.0,0.0,0.0,0.0,0.0,0.0,0.0,0.0,0.0,0.0,0.0,650.613333,7.203693,1820.544493,0.0,-0.0,0.0,0.0,-0.0,0.0,0.0,0.0,0.0,1.0,1.0,1.0,0.0,0.0,0.0,0.0,0.0,0.0,0.0,0.0,0.0,0.0,0.0,0.0,0.0,0.0,0.0,0.0,0.0,0.0,0.0,0.0,0.0,-6.477066,-10.4372,-3.91667,0.0,0.0,0.0,0.0,0.0,0.0,0.0,0.0,0.0,0.0,0.0,0.0,0.0,0.0,0.0,0.0,0.0,0.0,-129.541321,-208.743998,-78.333396
P1b,16,A,5,6,20,shuffled,866.937874,664.385897,1089.511542,0.0,0.0,181.285283,496.418632,374.855585,611.597463,493.279672,352.338979,628.779403,795.45052,607.288648,1045.774096,32.831683,0.0,97.401556,32.831683,0.0,97.401556,0.0,0.0,0.0,5.39086,0.0,8.831324,129.541321,78.333396,208.743998,0.154803,0.09195,0.240664,1758.209592,1026.394614,2996.961531,0.0,0.0,64.93781,0.079709,0.031324,0.204532,1.5,0.0,4.0,3.0,0.0,10.55,0.0,0.0,1.0,1.0,1.0,1.0,1.0,1.0,1.0,20.0,20.0,21.0,6.0,6.0,6.0,6.0,6.0,6.0,6.0,6.0,6.0,13516.284073,10341.32423,17115.797203,525.306933,0.0,1558.424893,0.021052,0.011595,0.029184,0.022284,0.013216,0.032492,20.0,20.0,21.0,1.0,0.0,1.0,0.0,0.0,0.0,0.0,0.0,0.0,0.0,0.0,0.0,0.0,0.0,0.0,0.0,0.0,0.0,0.0,0.0,0.0,20.0,20.0,20.0,496.418632,374.855585,611.597463,0.0,0.0,0.0,0.0,0.0,0.0,0.0,0.0,0.0,0.0,0.0,0.0,6.0,6.0,6.0,20.0,20.0,20.0,0.0,0.0,181.285283,0.0,0.0,0.0,-113.217481,-191.215785,0.0,-5.660874,-9.560789,0.0,0.0,0.0,0.0,0.0,0.0,0.0,32.831683,0.0,97.401556,32.831683,0.0,97.401556,0.0,0.0,0.0,0.0,0.0,0.0,0.0,0.0,0.0,0.0,0.0,0.0,0.0,-0.0,0.0,0.0,-0.0,0.0,0.0,-0.0,0.0,0.0,0.0,0.0,0.0,0.0,0.0,0.0,0.0,0.0,0.0,0.0,0.0,0.0,0.0,0.0,0.0,0.0,0.0,0.0,0.0,0.0,0.0,0.0,0.0,0.0,0.0,0.0,0.0,0.0,0.0,525.306933,0.0,1558.424893,0.0,-0.0,0.0,0.0,-0.0,0.0,0.0,0.0,0.0,1.0,0.0,1.0,0.0,0.0,0.0,0.0,0.0,0.0,0.0,0.0,0.0,0.0,0.0,0.0,0.0,0.0,0.0,0.0,0.0,0.0,0.0,0.0,0.0,-5.660874,-9.560789,0.0,0.0,0.0,0.0,0.0,0.0,0.0,0.0,0.0,0.0,0.0,0.0,0.0,0.0,0.0,0.0,0.0,0.0,0.0,-113.217481,-191.215785,0.0
P1d,16,A,5,6,20,shuffled,997.482779,757.786099,1335.75129,0.0,0.0,67.861862,476.799351,342.039108,660.390832,465.156347,338.483193,704.736944,865.914009,670.234398,1201.299594,460.106162,307.334822,826.75518,811.195464,606.046149,1232.218876,0.0,0.0,0.0,69.482906,39.406557,107.161903,112.273044,71.324224,126.53869,0.244411,0.13951,0.341587,3921.859507,2041.138527,5676.083756,0.0,0.0,0.0,0.031795,0.02246,0.072582,0.0,0.0,1.55,0.0,0.0,3.0,0.0,0.0,0.55,5.0,3.0,6.0,5.0,3.0,6.0,20.0,20.0,20.55,1.2,1.0,1.85,1.0,1.0,2.0,2.0,1.0,3.0,15718.603633,11867.999966,21023.140054,13696.664285,9544.443052,19507.091229,0.018359,0.010811,0.023724,0.018359,0.010811,0.023724,20.0,20.0,20.55,5.0,3.0,6.0,0.0,0.0,0.0,0.0,0.0,0.0,0.0,0.0,0.0,0.0,0.0,0.0,0.0,0.0,0.0,0.0,0.0,0.0,20.0,20.0,20.0,476.799351,342.039108,660.390832,0.0,0.0,0.0,0.0,0.0,0.0,0.0,0.0,0.0,0.0,0.0,0.0,6.0,6.0,6.0,20.0,20.0,20.0,0.0,0.0,67.861862,128.36882,-2.385902,272.846073,-124.092987,-191.215785,-65.588969,-9.90944,-107.469625,82.38952,-13.443859,-131.650226,89.395629,102.178229,16.880836,222.888176,460.106162,307.334822,826.75518,811.195464,606.046149,1232.218876,0.0,0.0,0.0,66.012111,32.776065,100.264657,-23.088955,-90.609382,0.0,0.088187,0.009671,0.185332,1746.244769,599.733992,4024.215812,0.0,-64.93781,0.0,-0.041892,-0.165446,-0.004264,-1.5,-4.0,0.0,-2.5,-9.55,0.0,0.0,-1.0,0.0,4.0,2.0,5.0,4.0,2.0,5.0,0.0,-1.0,0.0,-4.8,-5.0,-4.15,-5.0,-5.0,-4.0,-4.0,-5.0,-3.0,2060.742308,-32.728554,4365.537171,13696.664285,9544.443052,19507.091229,-0.002227,-0.006358,3.6e-05,-0.003493,-0.009386,-0.000748,0.0,-1.0,0.0,5.0,3.0,6.0,0.0,0.0,0.0,0.0,0.0,0.0,0.0,0.0,0.0,0.0,0.0,0.0,0.0,0.0,0.0,0.0,0.0,0.0,0.0,0.0,0.0,-9.90944,-107.469625,82.38952,0.0,0.0,0.0,0.0,0.0,0.0,0.0,0.0,0.0,0.0,0.0,0.0,0.0,0.0,0.0,0.0,0.0,0.0,-124.092987,-191.215785,-65.588969
P0,16,A,10,6,20,shuffled,911.25406,685.230897,1171.639659,182.604353,95.474301,281.840029,539.923914,411.8459,710.179941,527.55126,416.651844,703.243795,839.109113,628.133648,1093.027307,0.0,0.0,0.0,0.0,0.0,0.0,0.0,0.0,0.0,5.83596,0.0,12.126491,182.604353,95.474301,281.840029,0.191992,0.115333,0.305519,2642.748436,1278.248457,4133.749674,8.229778,0.0,243.201126,0.152605,0.073209,0.291136,2.0,0.0,4.55,4.0,0.0,10.55,0.0,0.0,1.0,1.0,1.0,1.0,1.0,1.0,1.0,20.0,20.0,21.0,6.0,6.0,6.0,6.0,6.0,6.0,6.0,6.0,6.0,14356.667208,10704.33699,18424.573703,0.0,0.0,0.0,0.019778,0.009698,0.02796,0.022587,0.013629,0.034375,20.0,20.0,21.0,0.0,0.0,0.0,0.0,0.0,0.0,0.0,0.0,0.0,0.0,0.0,0.0,0.0,0.0,0.0,0.0,0.0,0.0,0.0,0.0,0.0,20.0,20.0,20.0,539.923914,411.8459,710.179941,0.0,0.0,0.0,0.0,0.0,0.0,0.0,0.0,0.0,0.0,0.0,0.0,6.0,6.0,6.0,20.0,20.0,20.0,182.604353,95.474301,281.840029,0.0,0.0,0.0,0.0,0.0,0.0,0.0,0.0,0.0,0.0,0.0,0.0,0.0,0.0,0.0,0.0,0.0,0.0,0.0,0.0,0.0,0.0,0.0,0.0,0.0,0.0,0.0,0.0,0.0,0.0,0.0,0.0,0.0,0.0,0.0,0.0,0.0,0.0,0.0,0.0,0.0,0.0,0.0,0.0,0.0,0.0,0.0,0.0,0.0,0.0,0.0,0.0,0.0,0.0,0.0,0.0,0.0,0.0,0.0,0.0,0.0,0.0,0.0,0.0,0.0,0.0,0.0,0.0,0.0,0.0,0.0,0.0,0.0,0.0,0.0,0.0,0.0,0.0,0.0,0.0,0.0,0.0,0.0,0.0,0.0,0.0,0.0,0.0,0.0,0.0,0.0,0.0,0.0,0.0,0.0,0.0,0.0,0.0,0.0,0.0,0.0,0.0,0.0,0.0,0.0,0.0,0.0,0.0,0.0,0.0,0.0,0.0,0.0,0.0,0.0,0.0,0.0,0.0,0.0,0.0,0.0,0.0,0.0,0.0,0.0,0.0,0.0,0.0,0.0,0.0,0.0,0.0
P1a,16,A,10,6,20,shuffled,911.25406,685.230897,1171.639659,0.0,0.0,0.0,533.196848,403.589025,698.648512,527.55126,416.651844,703.243795,839.109113,628.133648,1093.027307,40.663333,0.450231,113.784031,40.663333,0.450231,113.784031,0.0,0.0,0.0,5.83596,0.0,12.126491,182.604353,95.474301,281.840029,0.191992,0.115333,0.305519,2642.748436,1278.248457,4133.749674,8.229778,0.0,243.201126,0.152605,0.073209,0.291136,2.0,0.0,4.55,4.0,0.0,10.55,0.0,0.0,1.0,1.0,1.0,1.0,1.0,1.0,1.0,20.0,20.0,21.0,6.0,6.0,6.0,6.0,6.0,6.0,6.0,6.0,6.0,14356.667208,10704.33699,18424.573703,650.613333,7.203693,1820.544493,0.019778,0.009698,0.02796,0.022587,0.013629,0.034375,20.0,20.0,21.0,1.0,1.0,1.0,0.0,0.0,0.0,0.0,0.0,0.0,0.0,0.0,0.0,0.0,0.0,0.0,0.0,0.0,0.0,0.0,0.0,0.0,20.0,20.0,20.0,533.196848,403.589025,698.648512,0.0,0.0,0.0,0.0,0.0,0.0,0.0,0.0,0.0,0.0,0.0,0.0,6.0,6.0,6.0,20.0,20.0,20.0,0.0,0.0,0.0,0.0,0.0,0.0,-182.604353,-281.840029,-95.474301,-9.130218,-14.092001,-4.773715,0.0,0.0,0.0,0.0,0.0,0.0,40.663333,0.450231,113.784031,40.663333,0.450231,113.784031,0.0,0.0,0.0,0.0,0.0,0.0,0.0,-0.0,0.0,0.0,0.0,0.0,0.0,-0.0,0.0,0.0,-0.0,0.0,0.0,-0.0,0.0,0.0,0.0,0.0,0.0,0.0,0.0,0.0,0.0,0.0,0.0,0.0,0.0,0.0,0.0,0.0,0.0,0.0,0.0,0.0,0.0,0.0,0.0,0.0,0.0,0.0,0.0,0.0,0.0,0.0,0.0,650.613333,7.203693,1820.544493,0.0,-0.0,0.0,0.0,-0.0,0.0,0.0,0.0,0.0,1.0,1.0,1.0,0.0,0.0,0.0,0.0,0.0,0.0,0.0,0.0,0.0,0.0,0.0,0.0,0.0,0.0,0.0,0.0,0.0,0.0,0.0,0.0,0.0,-9.130218,-14.092001,-4.773715,0.0,0.0,0.0,0.0,0.0,0.0,0.0,0.0,0.0,0.0,0.0,0.0,0.0,0.0,0.0,0.0,0.0,0.0,-182.604353,-281.840029,-95.474301
P1b,16,A,10,6,20,shuffled,911.25406,685.230897,1171.639659,0.0,0.0,260.426438,535.615899,403.589025,710.179941,527.55126,416.651844,703.243795,839.109113,628.133648,1093.027307,32.831683,0.0,97.401556,32.831683,0.0,97.401556,0.0,0.0,0.0,5.83596,0.0,12.126491,182.604353,95.474301,281.840029,0.191992,0.115333,0.305519,2642.748436,1278.248457,4133.749674,8.229778,0.0,243.201126,0.152605,0.073209,0.291136,2.0,0.0,4.55,4.0,0.0,10.55,0.0,0.0,1.0,1.0,1.0,1.0,1.0,1.0,1.0,20.0,20.0,21.0,6.0,6.0,6.0,6.0,6.0,6.0,6.0,6.0,6.0,14356.667208,10704.33699,18424.573703,525.306933,0.0,1558.424893,0.019778,0.009698,0.02796,0.022587,0.013629,0.034375,20.0,20.0,21.0,1.0,0.0,1.0,0.0,0.0,0.0,0.0,0.0,0.0,0.0,0.0,0.0,0.0,0.0,0.0,0.0,0.0,0.0,0.0,0.0,0.0,20.0,20.0,20.0,535.615899,403.589025,710.179941,0.0,0.0,0.0,0.0,0.0,0.0,0.0,0.0,0.0,0.0,0.0,0.0,6.0,6.0,6.0,20.0,20.0,20.0,0.0,0.0,260.426438,0.0,0.0,0.0,-134.089602,-268.391045,0.0,-6.70448,-13.419552,0.0,0.0,0.0,0.0,0.0,0.0,0.0,32.831683,0.0,97.401556,32.831683,0.0,97.401556,0.0,0.0,0.0,0.0,0.0,0.0,0.0,0.0,0.0,0.0,0.0,0.0,0.0,0.0,0.0,0.0,-0.0,0.0,0.0,-0.0,0.0,0.0,0.0,0.0,0.0,0.0,0.0,0.0,0.0,0.0,0.0,0.0,0.0,0.0,0.0,0.0,0.0,0.0,0.0,0.0,0.0,0.0,0.0,0.0,0.0,0.0,0.0,0.0,0.0,0.0,0.0,525.306933,0.0,1558.424893,0.0,-0.0,0.0,0.0,-0.0,0.0,0.0,0.0,0.0,1.0,0.0,1.0,0.0,0.0,0.0,0.0,0.0,0.0,0.0,0.0,0.0,0.0,0.0,0.0,0.0,0.0,0.0,0.0,0.0,0.0,0.0,0.0,0.0,-6.70448,-13.419552,0.0,0.0,0.0,0.0,0.0,0.0,0.0,0.0,0.0,0.0,0.0,0.0,0.0,0.0,0.0,0.0,0.0,0.0,0.0,-134.089602,-268.391045,0.0
P1d,16,A,10,6,20,shuffled,1026.565237,785.536099,1358.50129,0.0,0.0,72.861862,488.347229,357.764108,676.590832,478.632516,346.059859,718.611944,891.403787,706.211985,1221.437094,469.130744,319.376489,837.046847,824.945464,628.108649,1249.468876,0.0,0.0,0.0,74.482906,44.406557,118.574403,117.273044,76.324224,145.004446,0.269498,0.150174,0.362407,4401.859507,2237.138527,6112.083756,0.0,0.0,0.0,0.06163,0.044169,0.111278,0.0,0.0,1.55,0.0,0.0,3.0,0.0,0.0,0.55,5.0,3.0,6.0,5.0,3.0,6.0,20.0,20.0,20.55,1.2,1.0,1.85,1.0,1.0,2.0,2.0,1.0,3.0,16131.981141,12311.999966,21387.140054,13936.664285,9908.443052,19783.091229,0.017886,0.010624,0.022924,0.017886,0.010624,0.022924,20.0,20.0,20.55,5.0,3.0,6.0,0.0,0.0,0.0,0.0,0.0,0.0,0.0,0.0,0.0,0.0,0.0,0.0,0.0,0.0,0.0,0.0,0.0,0.0,20.0,20.0,20.0,488.347229,357.764108,676.590832,0.0,0.0,0.0,0.0,0.0,0.0,0.0,0.0,0.0,0.0,0.0,0.0,6.0,6.0,6.0,20.0,20.0,20.0,0.0,0.0,72.861862,108.953169,-79.118849,277.070606,-163.77673,-268.391045,-95.474301,-47.573616,-184.149018,82.721839,-51.360292,-217.166076,78.915211,66.509416,-84.993732,241.250676,469.130744,319.376489,837.046847,824.945464,628.108649,1249.468876,0.0,0.0,0.0,67.443386,38.64339,109.646247,-64.859091,-185.319782,-0.0,0.062945,-0.0547,0.187935,1322.087498,-1103.964346,4282.770648,-8.229778,-243.201126,0.0,-0.101761,-0.205415,-0.012291,-2.0,-4.0,0.0,-4.0,-10.0,0.0,0.0,-1.0,0.0,4.0,2.0,5.0,4.0,2.0,5.0,0.0,-1.0,0.0,-4.8,-5.0,-4.15,-5.0,-5.0,-4.0,-4.0,-5.0,-3.0,1748.967116,-1086.061785,4439.545546,13936.664285,9908.443052,19783.091229,-0.001611,-0.006108,0.00081,-0.004571,-0.015939,-0.001307,0.0,-1.0,0.0,5.0,3.0,6.0,0.0,0.0,0.0,0.0,0.0,0.0,0.0,0.0,0.0,0.0,0.0,0.0,0.0,0.0,0.0,0.0,0.0,0.0,0.0,0.0,0.0,-47.573616,-184.149018,82.721839,0.0,0.0,0.0,0.0,0.0,0.0,0.0,0.0,0.0,0.0,0.0,0.0,0.0,0.0,0.0,0.0,0.0,0.0,-163.77673,-268.391045,-95.474301
P0,16,A,20,6,20,shuffled,1108.111617,757.596209,1384.486576,377.455855,168.798624,461.455651,740.402692,478.014504,888.474427,722.76358,473.668289,887.35772,1008.823615,700.49896,1263.340973,0.0,0.0,0.0,0.0,0.0,0.0,0.0,0.0,0.0,0.0,0.0,20.213871,377.455855,168.798624,461.455651,0.30913,0.189537,0.411686,5555.713718,2412.995467,6624.016647,168.390853,0.0,551.489869,0.29651,0.184428,0.400021,4.0,1.0,5.0,8.0,1.45,11.0,1.0,0.0,2.0,1.0,1.0,1.0,1.0,1.0,1.0,21.0,20.0,22.0,6.0,6.0,6.0,6.0,6.0,6.0,6.0,6.0,6.0,17083.001054,11838.926568,21521.181295,0.0,0.0,0.0,0.016956,0.008493,0.022862,0.024982,0.018074,0.040002,21.0,20.0,22.0,0.0,0.0,0.0,0.0,0.0,0.0,0.0,0.0,0.0,0.0,0.0,0.0,0.0,0.0,0.0,0.0,0.0,0.0,0.0,0.0,0.0,20.0,20.0,20.0,740.402692,478.014504,888.474427,0.0,0.0,0.0,0.0,0.0,0.0,0.0,0.0,0.0,0.0,0.0,0.0,6.0,6.0,6.0,20.0,20.0,20.0,377.455855,168.798624,461.455651,0.0,0.0,0.0,0.0,0.0,0.0,0.0,0.0,0.0,0.0,0.0,0.0,0.0,0.0,0.0,0.0,0.0,0.0,0.0,0.0,0.0,0.0,0.0,0.0,0.0,0.0,0.0,0.0,0.0,0.0,0.0,0.0,0.0,0.0,0.0,0.0,0.0,0.0,0.0,0.0,0.0,0.0,0.0,0.0,0.0,0.0,0.0,0.0,0.0,0.0,0.0,0.0,0.0,0.0,0.0,0.0,0.0,0.0,0.0,0.0,0.0,0.0,0.0,0.0,0.0,0.0,0.0,0.0,0.0,0.0,0.0,0.0,0.0,0.0,0.0,0.0,0.0,0.0,0.0,0.0,0.0,0.0,0.0,0.0,0.0,0.0,0.0,0.0,0.0,0.0,0.0,0.0,0.0,0.0,0.0,0.0,0.0,0.0,0.0,0.0,0.0,0.0,0.0,0.0,0.0,0.0,0.0,0.0,0.0,0.0,0.0,0.0,0.0,0.0,0.0,0.0,0.0,0.0,0.0,0.0,0.0,0.0,0.0,0.0,0.0,0.0,0.0,0.0,0.0,0.0,0.0,0.0
P1a,16,A,20,6,20,shuffled,1108.111617,757.596209,1384.486576,0.0,0.0,0.0,719.753282,466.868691,863.742962,722.76358,473.668289,887.35772,1008.823615,700.49896,1263.340973,40.663333,0.450231,113.784031,40.663333,0.450231,113.784031,0.0,0.0,0.0,0.0,0.0,20.213871,377.455855,168.798624,461.455651,0.30913,0.189537,0.411686,5555.713718,2412.995467,6624.016647,168.390853,0.0,551.489869,0.29651,0.184428,0.400021,4.0,1.0,5.0,8.0,1.45,11.0,1.0,0.0,2.0,1.0,1.0,1.0,1.0,1.0,1.0,21.0,20.0,22.0,6.0,6.0,6.0,6.0,6.0,6.0,6.0,6.0,6.0,17083.001054,11838.926568,21521.181295,650.613333,7.203693,1820.544493,0.016956,0.008493,0.022862,0.024982,0.018074,0.040002,21.0,20.0,22.0,1.0,1.0,1.0,0.0,0.0,0.0,0.0,0.0,0.0,0.0,0.0,0.0,0.0,0.0,0.0,0.0,0.0,0.0,0.0,0.0,0.0,20.0,20.0,20.0,719.753282,466.868691,863.742962,0.0,0.0,0.0,0.0,0.0,0.0,0.0,0.0,0.0,0.0,0.0,0.0,6.0,6.0,6.0,20.0,20.0,20.0,0.0,0.0,0.0,0.0,0.0,0.0,-377.455855,-461.455651,-168.798624,-18.872793,-23.072783,-8.439931,0.0,0.0,0.0,0.0,0.0,0.0,40.663333,0.450231,113.784031,40.663333,0.450231,113.784031,0.0,0.0,0.0,0.0,-0.0,0.0,0.0,-0.0,0.0,0.0,-0.0,0.0,0.0,0.0,0.0,0.0,-0.0,0.0,0.0,-0.0,0.0,0.0,0.0,0.0,0.0,0.0,0.0,0.0,0.0,0.0,0.0,0.0,0.0,0.0,0.0,0.0,0.0,0.0,0.0,0.0,0.0,0.0,0.0,0.0,0.0,0.0,0.0,0.0,0.0,0.0,0.0,650.613333,7.203693,1820.544493,0.0,-0.0,0.0,0.0,-0.0,0.0,0.0,0.0,0.0,1.0,1.0,1.0,0.0,0.0,0.0,0.0,0.0,0.0,0.0,0.0,0.0,0.0,0.0,0.0,0.0,0.0,0.0,0.0,0.0,0.0,0.0,0.0,0.0,-18.872793,-23.072783,-8.439931,0.0,0.0,0.0,0.0,0.0,0.0,0.0,0.0,0.0,0.0,0.0,0.0,0.0,0.0,0.0,0.0,0.0,0.0,-377.455855,-461.455651,-168.798624
P1b,16,A,20,6,20,shuffled,1108.111617,757.596209,1384.486576,0.0,0.0,421.205106,719.753282,466.868691,886.727059,722.76358,473.668289,887.35772,1008.823615,700.49896,1263.340973,32.831683,0.0,97.401556,32.831683,0.0,97.401556,0.0,0.0,0.0,0.0,0.0,20.213871,377.455855,168.798624,461.455651,0.30913,0.189537,0.411686,5555.713718,2412.995467,6624.016647,168.390853,0.0,551.489869,0.29651,0.184428,0.400021,4.0,1.0,5.0,8.0,1.45,11.0,1.0,0.0,2.0,1.0,1.0,1.0,1.0,1.0,1.0,21.0,20.0,22.0,6.0,6.0,6.0,6.0,6.0,6.0,6.0,6.0,6.0,17083.001054,11838.926568,21521.181295,525.306933,0.0,1558.424893,0.016956,0.008493,0.022862,0.024982,0.018074,0.040002,21.0,20.0,22.0,1.0,0.0,1.0,0.0,0.0,0.0,0.0,0.0,0.0,0.0,0.0,0.0,0.0,0.0,0.0,0.0,0.0,0.0,0.0,0.0,0.0,20.0,20.0,20.0,719.753282,466.868691,886.727059,0.0,0.0,0.0,0.0,0.0,0.0,0.0,0.0,0.0,0.0,0.0,0.0,6.0,6.0,6.0,20.0,20.0,20.0,0.0,0.0,421.205106,0.0,0.0,0.0,-295.481672,-447.05926,0.0,-14.774084,-22.352963,0.0,0.0,0.0,0.0,0.0,0.0,0.0,32.831683,0.0,97.401556,32.831683,0.0,97.401556,0.0,0.0,0.0,0.0,-0.0,0.0,0.0,-0.0,0.0,0.0,-0.0,0.0,0.0,0.0,0.0,0.0,-0.0,0.0,0.0,-0.0,0.0,0.0,0.0,0.0,0.0,0.0,0.0,0.0,0.0,0.0,0.0,0.0,0.0,0.0,0.0,0.0,0.0,0.0,0.0,0.0,0.0,0.0,0.0,0.0,0.0,0.0,0.0,0.0,0.0,0.0,0.0,525.306933,0.0,1558.424893,0.0,-0.0,0.0,0.0,-0.0,0.0,0.0,0.0,0.0,1.0,0.0,1.0,0.0,0.0,0.0,0.0,0.0,0.0,0.0,0.0,0.0,0.0,0.0,0.0,0.0,0.0,0.0,0.0,0.0,0.0,0.0,0.0,0.0,-14.774084,-22.352963,0.0,0.0,0.0,0.0,0.0,0.0,0.0,0.0,0.0,0.0,0.0,0.0,0.0,0.0,0.0,0.0,0.0,0.0,0.0,-295.481672,-447.05926,0.0
P1d,16,A,20,6,20,shuffled,1087.135144,841.036099,1407.878499,0.0,0.0,82.861862,513.635605,388.026283,721.355383,511.132516,358.305439,746.361944,976.189839,757.840884,1280.646739,493.260472,343.459822,859.209783,875.963805,672.233649,1288.707686,0.0,0.0,0.0,85.492024,54.872219,135.498185,127.745263,90.556001,197.639818,0.299956,0.190897,0.419959,5195.135885,3055.639911,7107.64347,0.0,0.0,0.0,0.118849,0.08524,0.19039,0.0,0.0,2.0,0.0,0.0,3.0,0.0,0.0,0.55,5.0,3.0,6.0,5.0,3.0,6.0,20.0,20.0,20.55,1.2,1.0,1.85,1.0,1.0,2.0,2.0,1.0,3.0,17155.46941,13199.999966,22177.175394,14842.994531,10636.443052,20410.9122,0.017052,0.009757,0.021487,0.017052,0.009757,0.021487,20.0,20.0,20.55,5.0,3.0,6.0,0.0,0.0,0.0,0.0,0.0,0.0,0.0,0.0,0.0,0.0,0.0,0.0,0.0,0.0,0.0,0.0,0.0,0.0,20.0,20.0,20.0,513.635605,388.026283,721.355383,0.0,0.0,0.0,0.0,0.0,0.0,0.0,0.0,0.0,0.0,0.0,0.0,6.0,6.0,6.0,20.0,20.0,20.0,0.0,0.0,82.861862,-25.063439,-246.14928,216.825115,-348.863241,-454.607935,-168.798624,-185.40092,-318.049018,-38.518228,-174.772628,-354.040459,-43.609548,-48.860377,-208.879324,216.825115,493.260472,343.459822,859.209783,875.963805,672.233649,1288.707686,0.0,0.0,0.0,76.807385,51.5366,125.028392,-234.493154,-341.868075,-48.395833,-0.01858,-0.106647,0.156549,-198.841639,-2991.871875,3469.201842,-168.390853,-551.489869,0.0,-0.162864,-0.257829,-0.069169,-3.0,-4.0,-1.0,-6.0,-10.0,-1.45,-1.0,-2.0,0.0,4.0,2.0,5.0,4.0,2.0,5.0,-1.0,-2.0,0.0,-4.8,-5.0,-4.15,-5.0,-5.0,-4.0,-4.0,-5.0,-3.0,-90.541227,-3690.422762,3469.201842,14842.994531,10636.443052,20410.9122,0.000392,-0.004463,0.00233,-0.007722,-0.026366,-0.003114,-1.0,-2.0,0.0,5.0,3.0,6.0,0.0,0.0,0.0,0.0,0.0,0.0,0.0,0.0,0.0,0.0,0.0,0.0,0.0,0.0,0.0,0.0,0.0,0.0,0.0,0.0,0.0,-185.40092,-318.049018,-38.518228,0.0,0.0,0.0,0.0,0.0,0.0,0.0,0.0,0.0,0.0,0.0,0.0,0.0,0.0,0.0,0.0,0.0,0.0,-348.863241,-454.607935,-168.798624
P0,16,A,5,6,20,plain-older,866.937874,664.385897,1089.511542,129.541321,78.333396,208.743998,504.488637,381.927282,615.805271,493.279672,352.338979,628.779403,795.45052,607.288648,1045.774096,0.0,0.0,0.0,0.0,0.0,0.0,0.0,0.0,0.0,5.39086,0.0,8.831324,129.541321,78.333396,208.743998,0.154803,0.09195,0.240664,1758.209592,1026.394614,2996.961531,0.0,0.0,64.93781,0.079709,0.031324,0.204532,1.5,0.0,4.0,3.0,0.0,10.55,0.0,0.0,1.0,1.0,1.0,1.0,1.0,1.0,1.0,20.0,20.0,21.0,6.0,6.0,6.0,6.0,6.0,6.0,6.0,6.0,6.0,13516.284073,10341.32423,17115.797203,0.0,0.0,0.0,0.021052,0.011595,0.029184,0.022284,0.013216,0.032492,20.0,20.0,21.0,0.0,0.0,0.0,0.0,0.0,0.0,0.0,0.0,0.0,0.0,0.0,0.0,0.0,0.0,0.0,0.0,0.0,0.0,0.0,0.0,0.0,20.0,20.0,20.0,504.488637,381.927282,615.805271,0.0,0.0,0.0,0.0,0.0,0.0,0.0,0.0,0.0,0.0,0.0,0.0,6.0,6.0,6.0,20.0,20.0,20.0,129.541321,78.333396,208.743998,0.0,0.0,0.0,0.0,0.0,0.0,0.0,0.0,0.0,0.0,0.0,0.0,0.0,0.0,0.0,0.0,0.0,0.0,0.0,0.0,0.0,0.0,0.0,0.0,0.0,0.0,0.0,0.0,0.0,0.0,0.0,0.0,0.0,0.0,0.0,0.0,0.0,0.0,0.0,0.0,0.0,0.0,0.0,0.0,0.0,0.0,0.0,0.0,0.0,0.0,0.0,0.0,0.0,0.0,0.0,0.0,0.0,0.0,0.0,0.0,0.0,0.0,0.0,0.0,0.0,0.0,0.0,0.0,0.0,0.0,0.0,0.0,0.0,0.0,0.0,0.0,0.0,0.0,0.0,0.0,0.0,0.0,0.0,0.0,0.0,0.0,0.0,0.0,0.0,0.0,0.0,0.0,0.0,0.0,0.0,0.0,0.0,0.0,0.0,0.0,0.0,0.0,0.0,0.0,0.0,0.0,0.0,0.0,0.0,0.0,0.0,0.0,0.0,0.0,0.0,0.0,0.0,0.0,0.0,0.0,0.0,0.0,0.0,0.0,0.0,0.0,0.0,0.0,0.0,0.0,0.0,0.0
P1a,16,A,5,6,20,plain-older,866.937874,664.385897,1089.511542,0.0,0.0,0.0,496.418632,374.855585,611.597463,493.279672,352.338979,628.779403,795.45052,607.288648,1045.774096,40.663333,0.450231,113.784031,40.663333,0.450231,113.784031,0.0,0.0,0.0,5.39086,0.0,8.831324,129.541321,78.333396,208.743998,0.154803,0.09195,0.240664,1758.209592,1026.394614,2996.961531,0.0,0.0,64.93781,0.079709,0.031324,0.204532,1.5,0.0,4.0,3.0,0.0,10.55,0.0,0.0,1.0,1.0,1.0,1.0,1.0,1.0,1.0,20.0,20.0,21.0,6.0,6.0,6.0,6.0,6.0,6.0,6.0,6.0,6.0,13516.284073,10341.32423,17115.797203,650.613333,7.203693,1820.544493,0.021052,0.011595,0.029184,0.022284,0.013216,0.032492,20.0,20.0,21.0,1.0,1.0,1.0,0.0,0.0,0.0,0.0,0.0,0.0,0.0,0.0,0.0,0.0,0.0,0.0,0.0,0.0,0.0,0.0,0.0,0.0,20.0,20.0,20.0,496.418632,374.855585,611.597463,0.0,0.0,0.0,0.0,0.0,0.0,0.0,0.0,0.0,0.0,0.0,0.0,6.0,6.0,6.0,20.0,20.0,20.0,0.0,0.0,0.0,0.0,0.0,0.0,-129.541321,-208.743998,-78.333396,-6.477066,-10.4372,-3.91667,0.0,0.0,0.0,0.0,0.0,0.0,40.663333,0.450231,113.784031,40.663333,0.450231,113.784031,0.0,0.0,0.0,0.0,0.0,0.0,0.0,0.0,0.0,0.0,0.0,0.0,0.0,-0.0,0.0,0.0,-0.0,0.0,0.0,-0.0,0.0,0.0,0.0,0.0,0.0,0.0,0.0,0.0,0.0,0.0,0.0,0.0,0.0,0.0,0.0,0.0,0.0,0.0,0.0,0.0,0.0,0.0,0.0,0.0,0.0,0.0,0.0,0.0,0.0,0.0,0.0,650.613333,7.203693,1820.544493,0.0,-0.0,0.0,0.0,-0.0,0.0,0.0,0.0,0.0,1.0,1.0,1.0,0.0,0.0,0.0,0.0,0.0,0.0,0.0,0.0,0.0,0.0,0.0,0.0,0.0,0.0,0.0,0.0,0.0,0.0,0.0,0.0,0.0,-6.477066,-10.4372,-3.91667,0.0,0.0,0.0,0.0,0.0,0.0,0.0,0.0,0.0,0.0,0.0,0.0,0.0,0.0,0.0,0.0,0.0,0.0,-129.541321,-208.743998,-78.333396
P1b,16,A,5,6,20,plain-older,866.937874,664.385897,1089.511542,0.0,0.0,0.0,496.418632,374.855585,611.597463,493.279672,352.338979,628.779403,795.45052,607.288648,1045.774096,40.663333,0.450231,113.784031,40.663333,0.450231,113.784031,0.0,0.0,0.0,5.39086,0.0,8.831324,129.541321,78.333396,208.743998,0.154803,0.09195,0.240664,1758.209592,1026.394614,2996.961531,0.0,0.0,64.93781,0.079709,0.031324,0.204532,1.5,0.0,4.0,3.0,0.0,10.55,0.0,0.0,1.0,1.0,1.0,1.0,1.0,1.0,1.0,20.0,20.0,21.0,6.0,6.0,6.0,6.0,6.0,6.0,6.0,6.0,6.0,13516.284073,10341.32423,17115.797203,650.613333,7.203693,1820.544493,0.021052,0.011595,0.029184,0.022284,0.013216,0.032492,20.0,20.0,21.0,1.0,1.0,1.0,0.0,0.0,0.0,0.0,0.0,0.0,0.0,0.0,0.0,0.0,0.0,0.0,0.0,0.0,0.0,0.0,0.0,0.0,20.0,20.0,20.0,496.418632,374.855585,611.597463,0.0,0.0,0.0,0.0,0.0,0.0,0.0,0.0,0.0,0.0,0.0,0.0,6.0,6.0,6.0,20.0,20.0,20.0,0.0,0.0,0.0,0.0,0.0,0.0,-129.541321,-208.743998,-78.333396,-6.477066,-10.4372,-3.91667,0.0,0.0,0.0,0.0,0.0,0.0,40.663333,0.450231,113.784031,40.663333,0.450231,113.784031,0.0,0.0,0.0,0.0,0.0,0.0,0.0,0.0,0.0,0.0,0.0,0.0,0.0,-0.0,0.0,0.0,-0.0,0.0,0.0,-0.0,0.0,0.0,0.0,0.0,0.0,0.0,0.0,0.0,0.0,0.0,0.0,0.0,0.0,0.0,0.0,0.0,0.0,0.0,0.0,0.0,0.0,0.0,0.0,0.0,0.0,0.0,0.0,0.0,0.0,0.0,0.0,650.613333,7.203693,1820.544493,0.0,-0.0,0.0,0.0,-0.0,0.0,0.0,0.0,0.0,1.0,1.0,1.0,0.0,0.0,0.0,0.0,0.0,0.0,0.0,0.0,0.0,0.0,0.0,0.0,0.0,0.0,0.0,0.0,0.0,0.0,0.0,0.0,0.0,-6.477066,-10.4372,-3.91667,0.0,0.0,0.0,0.0,0.0,0.0,0.0,0.0,0.0,0.0,0.0,0.0,0.0,0.0,0.0,0.0,0.0,0.0,-129.541321,-208.743998,-78.333396
P1d,16,A,5,6,20,plain-older,866.937874,664.385897,1089.511542,0.0,0.0,0.0,362.150397,239.253733,518.066274,358.851575,214.634707,494.728712,658.708754,428.78219,922.949813,727.330025,490.010693,971.891575,727.330025,490.010693,971.891575,0.0,0.0,0.0,0.0,0.0,0.0,0.0,0.0,87.358845,0.0,0.0,0.102602,0.0,0.0,1339.132677,0.0,0.0,64.93781,0.079709,0.031324,0.204532,1.5,0.0,4.0,3.0,0.0,10.55,0.0,0.0,1.0,0.0,0.0,1.0,0.0,0.0,1.0,20.0,20.0,21.0,0.0,0.0,3.55,0.0,0.0,3.55,0.0,0.0,3.55,13516.284073,10341.32423,17115.797203,11637.2804,7840.171093,15550.2652,0.021052,0.011595,0.029184,0.022284,0.013216,0.032492,20.0,20.0,21.0,1.0,1.0,1.0,0.0,0.0,0.0,0.0,0.0,0.0,0.0,0.0,0.0,0.0,0.0,0.0,0.0,0.0,0.0,0.0,0.0,0.0,20.0,20.0,20.0,362.150397,239.253733,518.066274,0.0,0.0,0.0,0.0,0.0,0.0,0.0,0.0,0.0,0.0,0.0,0.0,6.0,6.0,6.0,20.0,20.0,20.0,0.0,0.0,0.0,0.0,-0.0,0.0,-129.541321,-208.743998,-78.333396,-129.541321,-208.743998,-78.333396,-129.541321,-208.743998,-78.333396,-129.541321,-208.743998,-78.333396,727.330025,490.010693,971.891575,727.330025,490.010693,971.891575,0.0,0.0,0.0,-5.39086,-8.831324,0.0,-125.009493,-191.862356,-75.170185,-0.141356,-0.225221,-0.077124,-1651.049704,-2775.485811,-938.132946,0.0,-0.0,0.0,0.0,-0.0,0.0,0.0,0.0,0.0,0.0,0.0,0.0,0.0,0.0,0.0,-1.0,-1.0,0.0,-1.0,-1.0,0.0,0.0,0.0,0.0,-6.0,-6.0,-2.45,-6.0,-6.0,-2.45,-6.0,-6.0,-2.45,0.0,-0.0,0.0,11637.2804,7840.171093,15550.2652,0.0,-0.0,0.0,0.0,-0.0,0.0,0.0,0.0,0.0,1.0,1.0,1.0,0.0,0.0,0.0,0.0,0.0,0.0,0.0,0.0,0.0,0.0,0.0,0.0,0.0,0.0,0.0,0.0,0.0,0.0,0.0,0.0,0.0,-129.541321,-208.743998,-78.333396,0.0,0.0,0.0,0.0,0.0,0.0,0.0,0.0,0.0,0.0,0.0,0.0,0.0,0.0,0.0,0.0,0.0,0.0,-129.541321,-208.743998,-78.333396
P0,16,A,10,6,20,plain-older,911.25406,685.230897,1171.639659,182.604353,95.474301,281.840029,539.923914,411.8459,710.179941,527.55126,416.651844,703.243795,839.109113,628.133648,1093.027307,0.0,0.0,0.0,0.0,0.0,0.0,0.0,0.0,0.0,5.83596,0.0,12.126491,182.604353,95.474301,281.840029,0.191992,0.115333,0.305519,2642.748436,1278.248457,4133.749674,8.229778,0.0,243.201126,0.152605,0.073209,0.291136,2.0,0.0,4.55,4.0,0.0,10.55,0.0,0.0,1.0,1.0,1.0,1.0,1.0,1.0,1.0,20.0,20.0,21.0,6.0,6.0,6.0,6.0,6.0,6.0,6.0,6.0,6.0,14356.667208,10704.33699,18424.573703,0.0,0.0,0.0,0.019778,0.009698,0.02796,0.022587,0.013629,0.034375,20.0,20.0,21.0,0.0,0.0,0.0,0.0,0.0,0.0,0.0,0.0,0.0,0.0,0.0,0.0,0.0,0.0,0.0,0.0,0.0,0.0,0.0,0.0,0.0,20.0,20.0,20.0,539.923914,411.8459,710.179941,0.0,0.0,0.0,0.0,0.0,0.0,0.0,0.0,0.0,0.0,0.0,0.0,6.0,6.0,6.0,20.0,20.0,20.0,182.604353,95.474301,281.840029,0.0,0.0,0.0,0.0,0.0,0.0,0.0,0.0,0.0,0.0,0.0,0.0,0.0,0.0,0.0,0.0,0.0,0.0,0.0,0.0,0.0,0.0,0.0,0.0,0.0,0.0,0.0,0.0,0.0,0.0,0.0,0.0,0.0,0.0,0.0,0.0,0.0,0.0,0.0,0.0,0.0,0.0,0.0,0.0,0.0,0.0,0.0,0.0,0.0,0.0,0.0,0.0,0.0,0.0,0.0,0.0,0.0,0.0,0.0,0.0,0.0,0.0,0.0,0.0,0.0,0.0,0.0,0.0,0.0,0.0,0.0,0.0,0.0,0.0,0.0,0.0,0.0,0.0,0.0,0.0,0.0,0.0,0.0,0.0,0.0,0.0,0.0,0.0,0.0,0.0,0.0,0.0,0.0,0.0,0.0,0.0,0.0,0.0,0.0,0.0,0.0,0.0,0.0,0.0,0.0,0.0,0.0,0.0,0.0,0.0,0.0,0.0,0.0,0.0,0.0,0.0,0.0,0.0,0.0,0.0,0.0,0.0,0.0,0.0,0.0,0.0,0.0,0.0,0.0,0.0,0.0,0.0
P1a,16,A,10,6,20,plain-older,911.25406,685.230897,1171.639659,0.0,0.0,0.0,533.196848,403.589025,698.648512,527.55126,416.651844,703.243795,839.109113,628.133648,1093.027307,40.663333,0.450231,113.784031,40.663333,0.450231,113.784031,0.0,0.0,0.0,5.83596,0.0,12.126491,182.604353,95.474301,281.840029,0.191992,0.115333,0.305519,2642.748436,1278.248457,4133.749674,8.229778,0.0,243.201126,0.152605,0.073209,0.291136,2.0,0.0,4.55,4.0,0.0,10.55,0.0,0.0,1.0,1.0,1.0,1.0,1.0,1.0,1.0,20.0,20.0,21.0,6.0,6.0,6.0,6.0,6.0,6.0,6.0,6.0,6.0,14356.667208,10704.33699,18424.573703,650.613333,7.203693,1820.544493,0.019778,0.009698,0.02796,0.022587,0.013629,0.034375,20.0,20.0,21.0,1.0,1.0,1.0,0.0,0.0,0.0,0.0,0.0,0.0,0.0,0.0,0.0,0.0,0.0,0.0,0.0,0.0,0.0,0.0,0.0,0.0,20.0,20.0,20.0,533.196848,403.589025,698.648512,0.0,0.0,0.0,0.0,0.0,0.0,0.0,0.0,0.0,0.0,0.0,0.0,6.0,6.0,6.0,20.0,20.0,20.0,0.0,0.0,0.0,0.0,0.0,0.0,-182.604353,-281.840029,-95.474301,-9.130218,-14.092001,-4.773715,0.0,0.0,0.0,0.0,0.0,0.0,40.663333,0.450231,113.784031,40.663333,0.450231,113.784031,0.0,0.0,0.0,0.0,0.0,0.0,0.0,-0.0,0.0,0.0,0.0,0.0,0.0,-0.0,0.0,0.0,-0.0,0.0,0.0,-0.0,0.0,0.0,0.0,0.0,0.0,0.0,0.0,0.0,0.0,0.0,0.0,0.0,0.0,0.0,0.0,0.0,0.0,0.0,0.0,0.0,0.0,0.0,0.0,0.0,0.0,0.0,0.0,0.0,0.0,0.0,0.0,650.613333,7.203693,1820.544493,0.0,-0.0,0.0,0.0,-0.0,0.0,0.0,0.0,0.0,1.0,1.0,1.0,0.0,0.0,0.0,0.0,0.0,0.0,0.0,0.0,0.0,0.0,0.0,0.0,0.0,0.0,0.0,0.0,0.0,0.0,0.0,0.0,0.0,-9.130218,-14.092001,-4.773715,0.0,0.0,0.0,0.0,0.0,0.0,0.0,0.0,0.0,0.0,0.0,0.0,0.0,0.0,0.0,0.0,0.0,0.0,-182.604353,-281.840029,-95.474301
P1b,16,A,10,6,20,plain-older,911.25406,685.230897,1171.639659,0.0,0.0,0.0,533.196848,403.589025,698.648512,527.55126,416.651844,703.243795,839.109113,628.133648,1093.027307,40.663333,0.450231,113.784031,40.663333,0.450231,113.784031,0.0,0.0,0.0,5.83596,0.0,12.126491,182.604353,95.474301,281.840029,0.191992,0.115333,0.305519,2642.748436,1278.248457,4133.749674,8.229778,0.0,243.201126,0.152605,0.073209,0.291136,2.0,0.0,4.55,4.0,0.0,10.55,0.0,0.0,1.0,1.0,1.0,1.0,1.0,1.0,1.0,20.0,20.0,21.0,6.0,6.0,6.0,6.0,6.0,6.0,6.0,6.0,6.0,14356.667208,10704.33699,18424.573703,650.613333,7.203693,1820.544493,0.019778,0.009698,0.02796,0.022587,0.013629,0.034375,20.0,20.0,21.0,1.0,1.0,1.0,0.0,0.0,0.0,0.0,0.0,0.0,0.0,0.0,0.0,0.0,0.0,0.0,0.0,0.0,0.0,0.0,0.0,0.0,20.0,20.0,20.0,533.196848,403.589025,698.648512,0.0,0.0,0.0,0.0,0.0,0.0,0.0,0.0,0.0,0.0,0.0,0.0,6.0,6.0,6.0,20.0,20.0,20.0,0.0,0.0,0.0,0.0,0.0,0.0,-182.604353,-281.840029,-95.474301,-9.130218,-14.092001,-4.773715,0.0,0.0,0.0,0.0,0.0,0.0,40.663333,0.450231,113.784031,40.663333,0.450231,113.784031,0.0,0.0,0.0,0.0,0.0,0.0,0.0,-0.0,0.0,0.0,0.0,0.0,0.0,-0.0,0.0,0.0,-0.0,0.0,0.0,-0.0,0.0,0.0,0.0,0.0,0.0,0.0,0.0,0.0,0.0,0.0,0.0,0.0,0.0,0.0,0.0,0.0,0.0,0.0,0.0,0.0,0.0,0.0,0.0,0.0,0.0,0.0,0.0,0.0,0.0,0.0,0.0,650.613333,7.203693,1820.544493,0.0,-0.0,0.0,0.0,-0.0,0.0,0.0,0.0,0.0,1.0,1.0,1.0,0.0,0.0,0.0,0.0,0.0,0.0,0.0,0.0,0.0,0.0,0.0,0.0,0.0,0.0,0.0,0.0,0.0,0.0,0.0,0.0,0.0,-9.130218,-14.092001,-4.773715,0.0,0.0,0.0,0.0,0.0,0.0,0.0,0.0,0.0,0.0,0.0,0.0,0.0,0.0,0.0,0.0,0.0,0.0,-182.604353,-281.840029,-95.474301
P1d,16,A,10,6,20,plain-older,911.25406,685.230897,1171.639659,0.0,0.0,0.0,362.150397,239.253733,518.066274,358.851575,214.634707,494.728712,658.708754,428.78219,922.949813,727.330025,490.010693,971.891575,727.330025,490.010693,971.891575,0.0,0.0,0.0,0.0,0.0,0.0,0.0,0.0,140.0,0.0,0.0,0.146115,0.0,0.0,2152.0,8.229778,0.0,243.201126,0.152605,0.073209,0.291136,2.0,0.0,4.55,4.0,0.0,10.55,0.0,0.0,1.0,0.0,0.0,1.0,0.0,0.0,1.0,20.0,20.0,21.0,0.0,0.0,4.0,0.0,0.0,4.0,0.0,0.0,4.0,14356.667208,10704.33699,18424.573703,11637.2804,7840.171093,15550.2652,0.019778,0.009698,0.02796,0.022587,0.013629,0.034375,20.0,20.0,21.0,1.0,1.0,1.0,0.0,0.0,0.0,0.0,0.0,0.0,0.0,0.0,0.0,0.0,0.0,0.0,0.0,0.0,0.0,0.0,0.0,0.0,20.0,20.0,20.0,362.150397,239.253733,518.066274,0.0,0.0,0.0,0.0,0.0,0.0,0.0,0.0,0.0,0.0,0.0,0.0,6.0,6.0,6.0,20.0,20.0,20.0,0.0,0.0,0.0,0.0,-0.0,0.0,-182.604353,-281.840029,-95.474301,-182.604353,-281.840029,-95.474301,-182.604353,-281.840029,-95.474301,-182.604353,-281.840029,-95.474301,727.330025,490.010693,971.891575,727.330025,490.010693,971.891575,0.0,0.0,0.0,-5.83596,-12.126491,0.0,-142.149103,-260.003511,-90.100739,-0.175041,-0.282942,-0.096127,-1904.958606,-3846.849792,-1147.5405,0.0,-0.0,0.0,0.0,-0.0,0.0,0.0,0.0,0.0,0.0,0.0,0.0,0.0,0.0,0.0,-1.0,-1.0,0.0,-1.0,-1.0,0.0,0.0,0.0,0.0,-6.0,-6.0,-2.0,-6.0,-6.0,-2.0,-6.0,-6.0,-2.0,0.0,-0.0,0.0,11637.2804,7840.171093,15550.2652,0.0,-0.0,0.0,0.0,-0.0,0.0,0.0,0.0,0.0,1.0,1.0,1.0,0.0,0.0,0.0,0.0,0.0,0.0,0.0,0.0,0.0,0.0,0.0,0.0,0.0,0.0,0.0,0.0,0.0,0.0,0.0,0.0,0.0,-182.604353,-281.840029,-95.474301,0.0,0.0,0.0,0.0,0.0,0.0,0.0,0.0,0.0,0.0,0.0,0.0,0.0,0.0,0.0,0.0,0.0,0.0,-182.604353,-281.840029,-95.474301
P0,16,A,20,6,20,plain-older,1108.111617,757.596209,1384.486576,377.455855,168.798624,461.455651,740.402692,478.014504,888.474427,722.76358,473.668289,887.35772,1008.823615,700.49896,1263.340973,0.0,0.0,0.0,0.0,0.0,0.0,0.0,0.0,0.0,0.0,0.0,20.213871,377.455855,168.798624,461.455651,0.30913,0.189537,0.411686,5555.713718,2412.995467,6624.016647,168.390853,0.0,551.489869,0.29651,0.184428,0.400021,4.0,1.0,5.0,8.0,1.45,11.0,1.0,0.0,2.0,1.0,1.0,1.0,1.0,1.0,1.0,21.0,20.0,22.0,6.0,6.0,6.0,6.0,6.0,6.0,6.0,6.0,6.0,17083.001054,11838.926568,21521.181295,0.0,0.0,0.0,0.016956,0.008493,0.022862,0.024982,0.018074,0.040002,21.0,20.0,22.0,0.0,0.0,0.0,0.0,0.0,0.0,0.0,0.0,0.0,0.0,0.0,0.0,0.0,0.0,0.0,0.0,0.0,0.0,0.0,0.0,0.0,20.0,20.0,20.0,740.402692,478.014504,888.474427,0.0,0.0,0.0,0.0,0.0,0.0,0.0,0.0,0.0,0.0,0.0,0.0,6.0,6.0,6.0,20.0,20.0,20.0,377.455855,168.798624,461.455651,0.0,0.0,0.0,0.0,0.0,0.0,0.0,0.0,0.0,0.0,0.0,0.0,0.0,0.0,0.0,0.0,0.0,0.0,0.0,0.0,0.0,0.0,0.0,0.0,0.0,0.0,0.0,0.0,0.0,0.0,0.0,0.0,0.0,0.0,0.0,0.0,0.0,0.0,0.0,0.0,0.0,0.0,0.0,0.0,0.0,0.0,0.0,0.0,0.0,0.0,0.0,0.0,0.0,0.0,0.0,0.0,0.0,0.0,0.0,0.0,0.0,0.0,0.0,0.0,0.0,0.0,0.0,0.0,0.0,0.0,0.0,0.0,0.0,0.0,0.0,0.0,0.0,0.0,0.0,0.0,0.0,0.0,0.0,0.0,0.0,0.0,0.0,0.0,0.0,0.0,0.0,0.0,0.0,0.0,0.0,0.0,0.0,0.0,0.0,0.0,0.0,0.0,0.0,0.0,0.0,0.0,0.0,0.0,0.0,0.0,0.0,0.0,0.0,0.0,0.0,0.0,0.0,0.0,0.0,0.0,0.0,0.0,0.0,0.0,0.0,0.0,0.0,0.0,0.0,0.0,0.0,0.0
P1a,16,A,20,6,20,plain-older,1108.111617,757.596209,1384.486576,0.0,0.0,0.0,719.753282,466.868691,863.742962,722.76358,473.668289,887.35772,1008.823615,700.49896,1263.340973,40.663333,0.450231,113.784031,40.663333,0.450231,113.784031,0.0,0.0,0.0,0.0,0.0,20.213871,377.455855,168.798624,461.455651,0.30913,0.189537,0.411686,5555.713718,2412.995467,6624.016647,168.390853,0.0,551.489869,0.29651,0.184428,0.400021,4.0,1.0,5.0,8.0,1.45,11.0,1.0,0.0,2.0,1.0,1.0,1.0,1.0,1.0,1.0,21.0,20.0,22.0,6.0,6.0,6.0,6.0,6.0,6.0,6.0,6.0,6.0,17083.001054,11838.926568,21521.181295,650.613333,7.203693,1820.544493,0.016956,0.008493,0.022862,0.024982,0.018074,0.040002,21.0,20.0,22.0,1.0,1.0,1.0,0.0,0.0,0.0,0.0,0.0,0.0,0.0,0.0,0.0,0.0,0.0,0.0,0.0,0.0,0.0,0.0,0.0,0.0,20.0,20.0,20.0,719.753282,466.868691,863.742962,0.0,0.0,0.0,0.0,0.0,0.0,0.0,0.0,0.0,0.0,0.0,0.0,6.0,6.0,6.0,20.0,20.0,20.0,0.0,0.0,0.0,0.0,0.0,0.0,-377.455855,-461.455651,-168.798624,-18.872793,-23.072783,-8.439931,0.0,0.0,0.0,0.0,0.0,0.0,40.663333,0.450231,113.784031,40.663333,0.450231,113.784031,0.0,0.0,0.0,0.0,-0.0,0.0,0.0,-0.0,0.0,0.0,-0.0,0.0,0.0,0.0,0.0,0.0,-0.0,0.0,0.0,-0.0,0.0,0.0,0.0,0.0,0.0,0.0,0.0,0.0,0.0,0.0,0.0,0.0,0.0,0.0,0.0,0.0,0.0,0.0,0.0,0.0,0.0,0.0,0.0,0.0,0.0,0.0,0.0,0.0,0.0,0.0,0.0,650.613333,7.203693,1820.544493,0.0,-0.0,0.0,0.0,-0.0,0.0,0.0,0.0,0.0,1.0,1.0,1.0,0.0,0.0,0.0,0.0,0.0,0.0,0.0,0.0,0.0,0.0,0.0,0.0,0.0,0.0,0.0,0.0,0.0,0.0,0.0,0.0,0.0,-18.872793,-23.072783,-8.439931,0.0,0.0,0.0,0.0,0.0,0.0,0.0,0.0,0.0,0.0,0.0,0.0,0.0,0.0,0.0,0.0,0.0,0.0,-377.455855,-461.455651,-168.798624
P1b,16,A,20,6,20,plain-older,1108.111617,757.596209,1384.486576,0.0,0.0,0.0,719.753282,466.868691,863.742962,722.76358,473.668289,887.35772,1008.823615,700.49896,1263.340973,40.663333,0.450231,113.784031,40.663333,0.450231,113.784031,0.0,0.0,0.0,0.0,0.0,20.213871,377.455855,168.798624,461.455651,0.30913,0.189537,0.411686,5555.713718,2412.995467,6624.016647,168.390853,0.0,551.489869,0.29651,0.184428,0.400021,4.0,1.0,5.0,8.0,1.45,11.0,1.0,0.0,2.0,1.0,1.0,1.0,1.0,1.0,1.0,21.0,20.0,22.0,6.0,6.0,6.0,6.0,6.0,6.0,6.0,6.0,6.0,17083.001054,11838.926568,21521.181295,650.613333,7.203693,1820.544493,0.016956,0.008493,0.022862,0.024982,0.018074,0.040002,21.0,20.0,22.0,1.0,1.0,1.0,0.0,0.0,0.0,0.0,0.0,0.0,0.0,0.0,0.0,0.0,0.0,0.0,0.0,0.0,0.0,0.0,0.0,0.0,20.0,20.0,20.0,719.753282,466.868691,863.742962,0.0,0.0,0.0,0.0,0.0,0.0,0.0,0.0,0.0,0.0,0.0,0.0,6.0,6.0,6.0,20.0,20.0,20.0,0.0,0.0,0.0,0.0,0.0,0.0,-377.455855,-461.455651,-168.798624,-18.872793,-23.072783,-8.439931,0.0,0.0,0.0,0.0,0.0,0.0,40.663333,0.450231,113.784031,40.663333,0.450231,113.784031,0.0,0.0,0.0,0.0,-0.0,0.0,0.0,-0.0,0.0,0.0,-0.0,0.0,0.0,0.0,0.0,0.0,-0.0,0.0,0.0,-0.0,0.0,0.0,0.0,0.0,0.0,0.0,0.0,0.0,0.0,0.0,0.0,0.0,0.0,0.0,0.0,0.0,0.0,0.0,0.0,0.0,0.0,0.0,0.0,0.0,0.0,0.0,0.0,0.0,0.0,0.0,0.0,650.613333,7.203693,1820.544493,0.0,-0.0,0.0,0.0,-0.0,0.0,0.0,0.0,0.0,1.0,1.0,1.0,0.0,0.0,0.0,0.0,0.0,0.0,0.0,0.0,0.0,0.0,0.0,0.0,0.0,0.0,0.0,0.0,0.0,0.0,0.0,0.0,0.0,-18.872793,-23.072783,-8.439931,0.0,0.0,0.0,0.0,0.0,0.0,0.0,0.0,0.0,0.0,0.0,0.0,0.0,0.0,0.0,0.0,0.0,0.0,-377.455855,-461.455651,-168.798624
P1d,16,A,20,6,20,plain-older,1108.111617,757.596209,1384.486576,0.0,0.0,0.0,362.150397,239.253733,518.066274,358.851575,214.634707,494.728712,658.708754,428.78219,922.949813,727.330025,490.010693,971.891575,727.330025,490.010693,971.891575,0.0,0.0,0.0,0.0,0.0,0.0,35.0,0.0,256.5,0.029016,0.0,0.224601,560.0,0.0,4007.5,168.390853,0.0,551.489869,0.29651,0.184428,0.400021,4.0,1.0,5.0,8.0,1.45,11.0,1.0,0.0,2.0,1.0,0.0,1.0,1.0,0.0,1.0,21.0,20.0,22.0,1.0,0.0,4.0,1.0,0.0,4.0,1.0,0.0,4.0,17083.001054,11838.926568,21521.181295,11637.2804,7840.171093,15550.2652,0.016956,0.008493,0.022862,0.024982,0.018074,0.040002,21.0,20.0,22.0,1.0,1.0,1.0,0.0,0.0,0.0,0.0,0.0,0.0,0.0,0.0,0.0,0.0,0.0,0.0,0.0,0.0,0.0,0.0,0.0,0.0,20.0,20.0,20.0,362.150397,239.253733,518.066274,0.0,0.0,0.0,0.0,0.0,0.0,0.0,0.0,0.0,0.0,0.0,0.0,6.0,6.0,6.0,20.0,20.0,20.0,0.0,0.0,0.0,0.0,-0.0,0.0,-377.455855,-461.455651,-168.798624,-377.455855,-461.455651,-168.798624,-377.455855,-461.455651,-168.798624,-377.455855,-461.455651,-168.798624,727.330025,490.010693,971.891575,727.330025,490.010693,971.891575,0.0,0.0,0.0,0.0,-20.213871,0.0,-264.618713,-417.281242,-147.40683,-0.230365,-0.399337,-0.133869,-3862.654254,-6146.234212,-1870.643545,0.0,-0.0,0.0,0.0,-0.0,0.0,0.0,0.0,0.0,0.0,0.0,0.0,0.0,0.0,0.0,0.0,-1.0,0.0,0.0,-1.0,0.0,0.0,0.0,0.0,-5.0,-6.0,-2.0,-5.0,-6.0,-2.0,-5.0,-6.0,-2.0,0.0,-0.0,0.0,11637.2804,7840.171093,15550.2652,0.0,-0.0,0.0,0.0,-0.0,0.0,0.0,0.0,0.0,1.0,1.0,1.0,0.0,0.0,0.0,0.0,0.0,0.0,0.0,0.0,0.0,0.0,0.0,0.0,0.0,0.0,0.0,0.0,0.0,0.0,0.0,0.0,0.0,-377.455855,-461.455651,-168.798624,0.0,0.0,0.0,0.0,0.0,0.0,0.0,0.0,0.0,0.0,0.0,0.0,0.0,0.0,0.0,0.0,0.0,0.0,-377.455855,-461.455651,-168.798624
P0,16,A,5,6,20,plain-younger,866.937874,664.385897,1089.511542,129.541321,78.333396,208.743998,504.488637,381.927282,615.805271,493.279672,352.338979,628.779403,795.45052,607.288648,1045.774096,0.0,0.0,0.0,0.0,0.0,0.0,0.0,0.0,0.0,5.39086,0.0,8.831324,129.541321,78.333396,208.743998,0.154803,0.09195,0.240664,1758.209592,1026.394614,2996.961531,0.0,0.0,64.93781,0.079709,0.031324,0.204532,1.5,0.0,4.0,3.0,0.0,10.55,0.0,0.0,1.0,1.0,1.0,1.0,1.0,1.0,1.0,20.0,20.0,21.0,6.0,6.0,6.0,6.0,6.0,6.0,6.0,6.0,6.0,13516.284073,10341.32423,17115.797203,0.0,0.0,0.0,0.021052,0.011595,0.029184,0.022284,0.013216,0.032492,20.0,20.0,21.0,0.0,0.0,0.0,0.0,0.0,0.0,0.0,0.0,0.0,0.0,0.0,0.0,0.0,0.0,0.0,0.0,0.0,0.0,0.0,0.0,0.0,20.0,20.0,20.0,504.488637,381.927282,615.805271,0.0,0.0,0.0,0.0,0.0,0.0,0.0,0.0,0.0,0.0,0.0,0.0,6.0,6.0,6.0,20.0,20.0,20.0,129.541321,78.333396,208.743998,0.0,0.0,0.0,0.0,0.0,0.0,0.0,0.0,0.0,0.0,0.0,0.0,0.0,0.0,0.0,0.0,0.0,0.0,0.0,0.0,0.0,0.0,0.0,0.0,0.0,0.0,0.0,0.0,0.0,0.0,0.0,0.0,0.0,0.0,0.0,0.0,0.0,0.0,0.0,0.0,0.0,0.0,0.0,0.0,0.0,0.0,0.0,0.0,0.0,0.0,0.0,0.0,0.0,0.0,0.0,0.0,0.0,0.0,0.0,0.0,0.0,0.0,0.0,0.0,0.0,0.0,0.0,0.0,0.0,0.0,0.0,0.0,0.0,0.0,0.0,0.0,0.0,0.0,0.0,0.0,0.0,0.0,0.0,0.0,0.0,0.0,0.0,0.0,0.0,0.0,0.0,0.0,0.0,0.0,0.0,0.0,0.0,0.0,0.0,0.0,0.0,0.0,0.0,0.0,0.0,0.0,0.0,0.0,0.0,0.0,0.0,0.0,0.0,0.0,0.0,0.0,0.0,0.0,0.0,0.0,0.0,0.0,0.0,0.0,0.0,0.0,0.0,0.0,0.0,0.0,0.0,0.0
P1a,16,A,5,6,20,plain-younger,866.937874,664.385897,1089.511542,0.0,0.0,0.0,496.418632,374.855585,611.597463,493.279672,352.338979,628.779403,795.45052,607.288648,1045.774096,40.663333,0.450231,113.784031,40.663333,0.450231,113.784031,0.0,0.0,0.0,5.39086,0.0,8.831324,129.541321,78.333396,208.743998,0.154803,0.09195,0.240664,1758.209592,1026.394614,2996.961531,0.0,0.0,64.93781,0.079709,0.031324,0.204532,1.5,0.0,4.0,3.0,0.0,10.55,0.0,0.0,1.0,1.0,1.0,1.0,1.0,1.0,1.0,20.0,20.0,21.0,6.0,6.0,6.0,6.0,6.0,6.0,6.0,6.0,6.0,13516.284073,10341.32423,17115.797203,650.613333,7.203693,1820.544493,0.021052,0.011595,0.029184,0.022284,0.013216,0.032492,20.0,20.0,21.0,1.0,1.0,1.0,0.0,0.0,0.0,0.0,0.0,0.0,0.0,0.0,0.0,0.0,0.0,0.0,0.0,0.0,0.0,0.0,0.0,0.0,20.0,20.0,20.0,496.418632,374.855585,611.597463,0.0,0.0,0.0,0.0,0.0,0.0,0.0,0.0,0.0,0.0,0.0,0.0,6.0,6.0,6.0,20.0,20.0,20.0,0.0,0.0,0.0,0.0,0.0,0.0,-129.541321,-208.743998,-78.333396,-6.477066,-10.4372,-3.91667,0.0,0.0,0.0,0.0,0.0,0.0,40.663333,0.450231,113.784031,40.663333,0.450231,113.784031,0.0,0.0,0.0,0.0,0.0,0.0,0.0,0.0,0.0,0.0,0.0,0.0,0.0,-0.0,0.0,0.0,-0.0,0.0,0.0,-0.0,0.0,0.0,0.0,0.0,0.0,0.0,0.0,0.0,0.0,0.0,0.0,0.0,0.0,0.0,0.0,0.0,0.0,0.0,0.0,0.0,0.0,0.0,0.0,0.0,0.0,0.0,0.0,0.0,0.0,0.0,0.0,650.613333,7.203693,1820.544493,0.0,-0.0,0.0,0.0,-0.0,0.0,0.0,0.0,0.0,1.0,1.0,1.0,0.0,0.0,0.0,0.0,0.0,0.0,0.0,0.0,0.0,0.0,0.0,0.0,0.0,0.0,0.0,0.0,0.0,0.0,0.0,0.0,0.0,-6.477066,-10.4372,-3.91667,0.0,0.0,0.0,0.0,0.0,0.0,0.0,0.0,0.0,0.0,0.0,0.0,0.0,0.0,0.0,0.0,0.0,0.0,-129.541321,-208.743998,-78.333396
P1b,16,A,5,6,20,plain-younger,866.937874,664.385897,1089.511542,129.541321,78.333396,208.743998,504.488637,381.927282,615.805271,493.279672,352.338979,628.779403,795.45052,607.288648,1045.774096,0.0,0.0,0.0,0.0,0.0,0.0,0.0,0.0,0.0,5.39086,0.0,8.831324,129.541321,78.333396,208.743998,0.154803,0.09195,0.240664,1758.209592,1026.394614,2996.961531,0.0,0.0,64.93781,0.079709,0.031324,0.204532,1.5,0.0,4.0,3.0,0.0,10.55,0.0,0.0,1.0,1.0,1.0,1.0,1.0,1.0,1.0,20.0,20.0,21.0,6.0,6.0,6.0,6.0,6.0,6.0,6.0,6.0,6.0,13516.284073,10341.32423,17115.797203,0.0,0.0,0.0,0.021052,0.011595,0.029184,0.022284,0.013216,0.032492,20.0,20.0,21.0,0.0,0.0,0.0,0.0,0.0,0.0,0.0,0.0,0.0,0.0,0.0,0.0,0.0,0.0,0.0,0.0,0.0,0.0,0.0,0.0,0.0,20.0,20.0,20.0,504.488637,381.927282,615.805271,0.0,0.0,0.0,0.0,0.0,0.0,0.0,0.0,0.0,0.0,0.0,0.0,6.0,6.0,6.0,20.0,20.0,20.0,129.541321,78.333396,208.743998,0.0,0.0,0.0,0.0,0.0,0.0,0.0,0.0,0.0,0.0,0.0,0.0,0.0,0.0,0.0,0.0,0.0,0.0,0.0,0.0,0.0,0.0,0.0,0.0,0.0,0.0,0.0,0.0,0.0,0.0,0.0,0.0,0.0,0.0,0.0,0.0,0.0,0.0,0.0,0.0,0.0,0.0,0.0,0.0,0.0,0.0,0.0,0.0,0.0,0.0,0.0,0.0,0.0,0.0,0.0,0.0,0.0,0.0,0.0,0.0,0.0,0.0,0.0,0.0,0.0,0.0,0.0,0.0,0.0,0.0,0.0,0.0,0.0,0.0,0.0,0.0,0.0,0.0,0.0,0.0,0.0,0.0,0.0,0.0,0.0,0.0,0.0,0.0,0.0,0.0,0.0,0.0,0.0,0.0,0.0,0.0,0.0,0.0,0.0,0.0,0.0,0.0,0.0,0.0,0.0,0.0,0.0,0.0,0.0,0.0,0.0,0.0,0.0,0.0,0.0,0.0,0.0,0.0,0.0,0.0,0.0,0.0,0.0,0.0,0.0,0.0,0.0,0.0,0.0,0.0,0.0,0.0
P1d,16,A,5,6,20,plain-younger,866.937874,664.385897,1089.511542,129.541321,78.333396,208.743998,504.488637,381.927282,615.805271,493.279672,352.338979,628.779403,795.45052,607.288648,1045.774096,0.0,0.0,0.0,0.0,0.0,0.0,0.0,0.0,0.0,5.39086,0.0,8.831324,129.541321,78.333396,208.743998,0.154803,0.09195,0.240664,1758.209592,1026.394614,2996.961531,0.0,0.0,64.93781,0.079709,0.031324,0.204532,1.5,0.0,4.0,3.0,0.0,10.55,0.0,0.0,1.0,1.0,1.0,1.0,1.0,1.0,1.0,20.0,20.0,21.0,6.0,6.0,6.0,6.0,6.0,6.0,6.0,6.0,6.0,13516.284073,10341.32423,17115.797203,0.0,0.0,0.0,0.021052,0.011595,0.029184,0.022284,0.013216,0.032492,20.0,20.0,21.0,0.0,0.0,0.0,0.0,0.0,0.0,0.0,0.0,0.0,0.0,0.0,0.0,0.0,0.0,0.0,0.0,0.0,0.0,0.0,0.0,0.0,20.0,20.0,20.0,504.488637,381.927282,615.805271,0.0,0.0,0.0,0.0,0.0,0.0,0.0,0.0,0.0,0.0,0.0,0.0,6.0,6.0,6.0,20.0,20.0,20.0,129.541321,78.333396,208.743998,0.0,0.0,0.0,0.0,0.0,0.0,0.0,0.0,0.0,0.0,0.0,0.0,0.0,0.0,0.0,0.0,0.0,0.0,0.0,0.0,0.0,0.0,0.0,0.0,0.0,0.0,0.0,0.0,0.0,0.0,0.0,0.0,0.0,0.0,0.0,0.0,0.0,0.0,0.0,0.0,0.0,0.0,0.0,0.0,0.0,0.0,0.0,0.0,0.0,0.0,0.0,0.0,0.0,0.0,0.0,0.0,0.0,0.0,0.0,0.0,0.0,0.0,0.0,0.0,0.0,0.0,0.0,0.0,0.0,0.0,0.0,0.0,0.0,0.0,0.0,0.0,0.0,0.0,0.0,0.0,0.0,0.0,0.0,0.0,0.0,0.0,0.0,0.0,0.0,0.0,0.0,0.0,0.0,0.0,0.0,0.0,0.0,0.0,0.0,0.0,0.0,0.0,0.0,0.0,0.0,0.0,0.0,0.0,0.0,0.0,0.0,0.0,0.0,0.0,0.0,0.0,0.0,0.0,0.0,0.0,0.0,0.0,0.0,0.0,0.0,0.0,0.0,0.0,0.0,0.0,0.0,0.0
P0,16,A,10,6,20,plain-younger,911.25406,685.230897,1171.639659,182.604353,95.474301,281.840029,539.923914,411.8459,710.179941,527.55126,416.651844,703.243795,839.109113,628.133648,1093.027307,0.0,0.0,0.0,0.0,0.0,0.0,0.0,0.0,0.0,5.83596,0.0,12.126491,182.604353,95.474301,281.840029,0.191992,0.115333,0.305519,2642.748436,1278.248457,4133.749674,8.229778,0.0,243.201126,0.152605,0.073209,0.291136,2.0,0.0,4.55,4.0,0.0,10.55,0.0,0.0,1.0,1.0,1.0,1.0,1.0,1.0,1.0,20.0,20.0,21.0,6.0,6.0,6.0,6.0,6.0,6.0,6.0,6.0,6.0,14356.667208,10704.33699,18424.573703,0.0,0.0,0.0,0.019778,0.009698,0.02796,0.022587,0.013629,0.034375,20.0,20.0,21.0,0.0,0.0,0.0,0.0,0.0,0.0,0.0,0.0,0.0,0.0,0.0,0.0,0.0,0.0,0.0,0.0,0.0,0.0,0.0,0.0,0.0,20.0,20.0,20.0,539.923914,411.8459,710.179941,0.0,0.0,0.0,0.0,0.0,0.0,0.0,0.0,0.0,0.0,0.0,0.0,6.0,6.0,6.0,20.0,20.0,20.0,182.604353,95.474301,281.840029,0.0,0.0,0.0,0.0,0.0,0.0,0.0,0.0,0.0,0.0,0.0,0.0,0.0,0.0,0.0,0.0,0.0,0.0,0.0,0.0,0.0,0.0,0.0,0.0,0.0,0.0,0.0,0.0,0.0,0.0,0.0,0.0,0.0,0.0,0.0,0.0,0.0,0.0,0.0,0.0,0.0,0.0,0.0,0.0,0.0,0.0,0.0,0.0,0.0,0.0,0.0,0.0,0.0,0.0,0.0,0.0,0.0,0.0,0.0,0.0,0.0,0.0,0.0,0.0,0.0,0.0,0.0,0.0,0.0,0.0,0.0,0.0,0.0,0.0,0.0,0.0,0.0,0.0,0.0,0.0,0.0,0.0,0.0,0.0,0.0,0.0,0.0,0.0,0.0,0.0,0.0,0.0,0.0,0.0,0.0,0.0,0.0,0.0,0.0,0.0,0.0,0.0,0.0,0.0,0.0,0.0,0.0,0.0,0.0,0.0,0.0,0.0,0.0,0.0,0.0,0.0,0.0,0.0,0.0,0.0,0.0,0.0,0.0,0.0,0.0,0.0,0.0,0.0,0.0,0.0,0.0,0.0
P1a,16,A,10,6,20,plain-younger,911.25406,685.230897,1171.639659,0.0,0.0,0.0,533.196848,403.589025,698.648512,527.55126,416.651844,703.243795,839.109113,628.133648,1093.027307,40.663333,0.450231,113.784031,40.663333,0.450231,113.784031,0.0,0.0,0.0,5.83596,0.0,12.126491,182.604353,95.474301,281.840029,0.191992,0.115333,0.305519,2642.748436,1278.248457,4133.749674,8.229778,0.0,243.201126,0.152605,0.073209,0.291136,2.0,0.0,4.55,4.0,0.0,10.55,0.0,0.0,1.0,1.0,1.0,1.0,1.0,1.0,1.0,20.0,20.0,21.0,6.0,6.0,6.0,6.0,6.0,6.0,6.0,6.0,6.0,14356.667208,10704.33699,18424.573703,650.613333,7.203693,1820.544493,0.019778,0.009698,0.02796,0.022587,0.013629,0.034375,20.0,20.0,21.0,1.0,1.0,1.0,0.0,0.0,0.0,0.0,0.0,0.0,0.0,0.0,0.0,0.0,0.0,0.0,0.0,0.0,0.0,0.0,0.0,0.0,20.0,20.0,20.0,533.196848,403.589025,698.648512,0.0,0.0,0.0,0.0,0.0,0.0,0.0,0.0,0.0,0.0,0.0,0.0,6.0,6.0,6.0,20.0,20.0,20.0,0.0,0.0,0.0,0.0,0.0,0.0,-182.604353,-281.840029,-95.474301,-9.130218,-14.092001,-4.773715,0.0,0.0,0.0,0.0,0.0,0.0,40.663333,0.450231,113.784031,40.663333,0.450231,113.784031,0.0,0.0,0.0,0.0,0.0,0.0,0.0,-0.0,0.0,0.0,0.0,0.0,0.0,-0.0,0.0,0.0,-0.0,0.0,0.0,-0.0,0.0,0.0,0.0,0.0,0.0,0.0,0.0,0.0,0.0,0.0,0.0,0.0,0.0,0.0,0.0,0.0,0.0,0.0,0.0,0.0,0.0,0.0,0.0,0.0,0.0,0.0,0.0,0.0,0.0,0.0,0.0,650.613333,7.203693,1820.544493,0.0,-0.0,0.0,0.0,-0.0,0.0,0.0,0.0,0.0,1.0,1.0,1.0,0.0,0.0,0.0,0.0,0.0,0.0,0.0,0.0,0.0,0.0,0.0,0.0,0.0,0.0,0.0,0.0,0.0,0.0,0.0,0.0,0.0,-9.130218,-14.092001,-4.773715,0.0,0.0,0.0,0.0,0.0,0.0,0.0,0.0,0.0,0.0,0.0,0.0,0.0,0.0,0.0,0.0,0.0,0.0,-182.604353,-281.840029,-95.474301
P1b,16,A,10,6,20,plain-younger,911.25406,685.230897,1171.639659,182.604353,95.474301,281.840029,539.923914,411.8459,710.179941,527.55126,416.651844,703.243795,839.109113,628.133648,1093.027307,0.0,0.0,0.0,0.0,0.0,0.0,0.0,0.0,0.0,5.83596,0.0,12.126491,182.604353,95.474301,281.840029,0.191992,0.115333,0.305519,2642.748436,1278.248457,4133.749674,8.229778,0.0,243.201126,0.152605,0.073209,0.291136,2.0,0.0,4.55,4.0,0.0,10.55,0.0,0.0,1.0,1.0,1.0,1.0,1.0,1.0,1.0,20.0,20.0,21.0,6.0,6.0,6.0,6.0,6.0,6.0,6.0,6.0,6.0,14356.667208,10704.33699,18424.573703,0.0,0.0,0.0,0.019778,0.009698,0.02796,0.022587,0.013629,0.034375,20.0,20.0,21.0,0.0,0.0,0.0,0.0,0.0,0.0,0.0,0.0,0.0,0.0,0.0,0.0,0.0,0.0,0.0,0.0,0.0,0.0,0.0,0.0,0.0,20.0,20.0,20.0,539.923914,411.8459,710.179941,0.0,0.0,0.0,0.0,0.0,0.0,0.0,0.0,0.0,0.0,0.0,0.0,6.0,6.0,6.0,20.0,20.0,20.0,182.604353,95.474301,281.840029,0.0,0.0,0.0,0.0,0.0,0.0,0.0,0.0,0.0,0.0,0.0,0.0,0.0,0.0,0.0,0.0,0.0,0.0,0.0,0.0,0.0,0.0,0.0,0.0,0.0,0.0,0.0,0.0,0.0,0.0,0.0,0.0,0.0,0.0,0.0,0.0,0.0,0.0,0.0,0.0,0.0,0.0,0.0,0.0,0.0,0.0,0.0,0.0,0.0,0.0,0.0,0.0,0.0,0.0,0.0,0.0,0.0,0.0,0.0,0.0,0.0,0.0,0.0,0.0,0.0,0.0,0.0,0.0,0.0,0.0,0.0,0.0,0.0,0.0,0.0,0.0,0.0,0.0,0.0,0.0,0.0,0.0,0.0,0.0,0.0,0.0,0.0,0.0,0.0,0.0,0.0,0.0,0.0,0.0,0.0,0.0,0.0,0.0,0.0,0.0,0.0,0.0,0.0,0.0,0.0,0.0,0.0,0.0,0.0,0.0,0.0,0.0,0.0,0.0,0.0,0.0,0.0,0.0,0.0,0.0,0.0,0.0,0.0,0.0,0.0,0.0,0.0,0.0,0.0,0.0,0.0,0.0
P1d,16,A,10,6,20,plain-younger,911.25406,685.230897,1171.639659,182.604353,95.474301,281.840029,539.923914,411.8459,710.179941,527.55126,416.651844,703.243795,839.109113,628.133648,1093.027307,0.0,0.0,0.0,0.0,0.0,0.0,0.0,0.0,0.0,5.83596,0.0,12.126491,182.604353,95.474301,281.840029,0.191992,0.115333,0.305519,2642.748436,1278.248457,4133.749674,8.229778,0.0,243.201126,0.152605,0.073209,0.291136,2.0,0.0,4.55,4.0,0.0,10.55,0.0,0.0,1.0,1.0,1.0,1.0,1.0,1.0,1.0,20.0,20.0,21.0,6.0,6.0,6.0,6.0,6.0,6.0,6.0,6.0,6.0,14356.667208,10704.33699,18424.573703,0.0,0.0,0.0,0.019778,0.009698,0.02796,0.022587,0.013629,0.034375,20.0,20.0,21.0,0.0,0.0,0.0,0.0,0.0,0.0,0.0,0.0,0.0,0.0,0.0,0.0,0.0,0.0,0.0,0.0,0.0,0.0,0.0,0.0,0.0,20.0,20.0,20.0,539.923914,411.8459,710.179941,0.0,0.0,0.0,0.0,0.0,0.0,0.0,0.0,0.0,0.0,0.0,0.0,6.0,6.0,6.0,20.0,20.0,20.0,182.604353,95.474301,281.840029,0.0,0.0,0.0,0.0,0.0,0.0,0.0,0.0,0.0,0.0,0.0,0.0,0.0,0.0,0.0,0.0,0.0,0.0,0.0,0.0,0.0,0.0,0.0,0.0,0.0,0.0,0.0,0.0,0.0,0.0,0.0,0.0,0.0,0.0,0.0,0.0,0.0,0.0,0.0,0.0,0.0,0.0,0.0,0.0,0.0,0.0,0.0,0.0,0.0,0.0,0.0,0.0,0.0,0.0,0.0,0.0,0.0,0.0,0.0,0.0,0.0,0.0,0.0,0.0,0.0,0.0,0.0,0.0,0.0,0.0,0.0,0.0,0.0,0.0,0.0,0.0,0.0,0.0,0.0,0.0,0.0,0.0,0.0,0.0,0.0,0.0,0.0,0.0,0.0,0.0,0.0,0.0,0.0,0.0,0.0,0.0,0.0,0.0,0.0,0.0,0.0,0.0,0.0,0.0,0.0,0.0,0.0,0.0,0.0,0.0,0.0,0.0,0.0,0.0,0.0,0.0,0.0,0.0,0.0,0.0,0.0,0.0,0.0,0.0,0.0,0.0,0.0,0.0,0.0,0.0,0.0,0.0
P0,16,A,20,6,20,plain-younger,1108.111617,757.596209,1384.486576,377.455855,168.798624,461.455651,740.402692,478.014504,888.474427,722.76358,473.668289,887.35772,1008.823615,700.49896,1263.340973,0.0,0.0,0.0,0.0,0.0,0.0,0.0,0.0,0.0,0.0,0.0,20.213871,377.455855,168.798624,461.455651,0.30913,0.189537,0.411686,5555.713718,2412.995467,6624.016647,168.390853,0.0,551.489869,0.29651,0.184428,0.400021,4.0,1.0,5.0,8.0,1.45,11.0,1.0,0.0,2.0,1.0,1.0,1.0,1.0,1.0,1.0,21.0,20.0,22.0,6.0,6.0,6.0,6.0,6.0,6.0,6.0,6.0,6.0,17083.001054,11838.926568,21521.181295,0.0,0.0,0.0,0.016956,0.008493,0.022862,0.024982,0.018074,0.040002,21.0,20.0,22.0,0.0,0.0,0.0,0.0,0.0,0.0,0.0,0.0,0.0,0.0,0.0,0.0,0.0,0.0,0.0,0.0,0.0,0.0,0.0,0.0,0.0,20.0,20.0,20.0,740.402692,478.014504,888.474427,0.0,0.0,0.0,0.0,0.0,0.0,0.0,0.0,0.0,0.0,0.0,0.0,6.0,6.0,6.0,20.0,20.0,20.0,377.455855,168.798624,461.455651,0.0,0.0,0.0,0.0,0.0,0.0,0.0,0.0,0.0,0.0,0.0,0.0,0.0,0.0,0.0,0.0,0.0,0.0,0.0,0.0,0.0,0.0,0.0,0.0,0.0,0.0,0.0,0.0,0.0,0.0,0.0,0.0,0.0,0.0,0.0,0.0,0.0,0.0,0.0,0.0,0.0,0.0,0.0,0.0,0.0,0.0,0.0,0.0,0.0,0.0,0.0,0.0,0.0,0.0,0.0,0.0,0.0,0.0,0.0,0.0,0.0,0.0,0.0,0.0,0.0,0.0,0.0,0.0,0.0,0.0,0.0,0.0,0.0,0.0,0.0,0.0,0.0,0.0,0.0,0.0,0.0,0.0,0.0,0.0,0.0,0.0,0.0,0.0,0.0,0.0,0.0,0.0,0.0,0.0,0.0,0.0,0.0,0.0,0.0,0.0,0.0,0.0,0.0,0.0,0.0,0.0,0.0,0.0,0.0,0.0,0.0,0.0,0.0,0.0,0.0,0.0,0.0,0.0,0.0,0.0,0.0,0.0,0.0,0.0,0.0,0.0,0.0,0.0,0.0,0.0,0.0,0.0
P1a,16,A,20,6,20,plain-younger,1108.111617,757.596209,1384.486576,0.0,0.0,0.0,719.753282,466.868691,863.742962,722.76358,473.668289,887.35772,1008.823615,700.49896,1263.340973,40.663333,0.450231,113.784031,40.663333,0.450231,113.784031,0.0,0.0,0.0,0.0,0.0,20.213871,377.455855,168.798624,461.455651,0.30913,0.189537,0.411686,5555.713718,2412.995467,6624.016647,168.390853,0.0,551.489869,0.29651,0.184428,0.400021,4.0,1.0,5.0,8.0,1.45,11.0,1.0,0.0,2.0,1.0,1.0,1.0,1.0,1.0,1.0,21.0,20.0,22.0,6.0,6.0,6.0,6.0,6.0,6.0,6.0,6.0,6.0,17083.001054,11838.926568,21521.181295,650.613333,7.203693,1820.544493,0.016956,0.008493,0.022862,0.024982,0.018074,0.040002,21.0,20.0,22.0,1.0,1.0,1.0,0.0,0.0,0.0,0.0,0.0,0.0,0.0,0.0,0.0,0.0,0.0,0.0,0.0,0.0,0.0,0.0,0.0,0.0,20.0,20.0,20.0,719.753282,466.868691,863.742962,0.0,0.0,0.0,0.0,0.0,0.0,0.0,0.0,0.0,0.0,0.0,0.0,6.0,6.0,6.0,20.0,20.0,20.0,0.0,0.0,0.0,0.0,0.0,0.0,-377.455855,-461.455651,-168.798624,-18.872793,-23.072783,-8.439931,0.0,0.0,0.0,0.0,0.0,0.0,40.663333,0.450231,113.784031,40.663333,0.450231,113.784031,0.0,0.0,0.0,0.0,-0.0,0.0,0.0,-0.0,0.0,0.0,-0.0,0.0,0.0,0.0,0.0,0.0,-0.0,0.0,0.0,-0.0,0.0,0.0,0.0,0.0,0.0,0.0,0.0,0.0,0.0,0.0,0.0,0.0,0.0,0.0,0.0,0.0,0.0,0.0,0.0,0.0,0.0,0.0,0.0,0.0,0.0,0.0,0.0,0.0,0.0,0.0,0.0,650.613333,7.203693,1820.544493,0.0,-0.0,0.0,0.0,-0.0,0.0,0.0,0.0,0.0,1.0,1.0,1.0,0.0,0.0,0.0,0.0,0.0,0.0,0.0,0.0,0.0,0.0,0.0,0.0,0.0,0.0,0.0,0.0,0.0,0.0,0.0,0.0,0.0,-18.872793,-23.072783,-8.439931,0.0,0.0,0.0,0.0,0.0,0.0,0.0,0.0,0.0,0.0,0.0,0.0,0.0,0.0,0.0,0.0,0.0,0.0,-377.455855,-461.455651,-168.798624
P1b,16,A,20,6,20,plain-younger,1108.111617,757.596209,1384.486576,377.455855,168.798624,461.455651,740.402692,478.014504,888.474427,722.76358,473.668289,887.35772,1008.823615,700.49896,1263.340973,0.0,0.0,0.0,0.0,0.0,0.0,0.0,0.0,0.0,0.0,0.0,20.213871,377.455855,168.798624,461.455651,0.30913,0.189537,0.411686,5555.713718,2412.995467,6624.016647,168.390853,0.0,551.489869,0.29651,0.184428,0.400021,4.0,1.0,5.0,8.0,1.45,11.0,1.0,0.0,2.0,1.0,1.0,1.0,1.0,1.0,1.0,21.0,20.0,22.0,6.0,6.0,6.0,6.0,6.0,6.0,6.0,6.0,6.0,17083.001054,11838.926568,21521.181295,0.0,0.0,0.0,0.016956,0.008493,0.022862,0.024982,0.018074,0.040002,21.0,20.0,22.0,0.0,0.0,0.0,0.0,0.0,0.0,0.0,0.0,0.0,0.0,0.0,0.0,0.0,0.0,0.0,0.0,0.0,0.0,0.0,0.0,0.0,20.0,20.0,20.0,740.402692,478.014504,888.474427,0.0,0.0,0.0,0.0,0.0,0.0,0.0,0.0,0.0,0.0,0.0,0.0,6.0,6.0,6.0,20.0,20.0,20.0,377.455855,168.798624,461.455651,0.0,0.0,0.0,0.0,0.0,0.0,0.0,0.0,0.0,0.0,0.0,0.0,0.0,0.0,0.0,0.0,0.0,0.0,0.0,0.0,0.0,0.0,0.0,0.0,0.0,0.0,0.0,0.0,0.0,0.0,0.0,0.0,0.0,0.0,0.0,0.0,0.0,0.0,0.0,0.0,0.0,0.0,0.0,0.0,0.0,0.0,0.0,0.0,0.0,0.0,0.0,0.0,0.0,0.0,0.0,0.0,0.0,0.0,0.0,0.0,0.0,0.0,0.0,0.0,0.0,0.0,0.0,0.0,0.0,0.0,0.0,0.0,0.0,0.0,0.0,0.0,0.0,0.0,0.0,0.0,0.0,0.0,0.0,0.0,0.0,0.0,0.0,0.0,0.0,0.0,0.0,0.0,0.0,0.0,0.0,0.0,0.0,0.0,0.0,0.0,0.0,0.0,0.0,0.0,0.0,0.0,0.0,0.0,0.0,0.0,0.0,0.0,0.0,0.0,0.0,0.0,0.0,0.0,0.0,0.0,0.0,0.0,0.0,0.0,0.0,0.0,0.0,0.0,0.0,0.0,0.0,0.0
P1d,16,A,20,6,20,plain-younger,1108.111617,757.596209,1384.486576,377.455855,168.798624,461.455651,740.402692,478.014504,888.474427,722.76358,473.668289,887.35772,1008.823615,700.49896,1263.340973,0.0,0.0,0.0,0.0,0.0,0.0,0.0,0.0,0.0,0.0,0.0,20.213871,377.455855,168.798624,461.455651,0.30913,0.189537,0.411686,5555.713718,2412.995467,6624.016647,168.390853,0.0,551.489869,0.29651,0.184428,0.400021,4.0,1.0,5.0,8.0,1.45,11.0,1.0,0.0,2.0,1.0,1.0,1.0,1.0,1.0,1.0,21.0,20.0,22.0,6.0,6.0,6.0,6.0,6.0,6.0,6.0,6.0,6.0,17083.001054,11838.926568,21521.181295,0.0,0.0,0.0,0.016956,0.008493,0.022862,0.024982,0.018074,0.040002,21.0,20.0,22.0,0.0,0.0,0.0,0.0,0.0,0.0,0.0,0.0,0.0,0.0,0.0,0.0,0.0,0.0,0.0,0.0,0.0,0.0,0.0,0.0,0.0,20.0,20.0,20.0,740.402692,478.014504,888.474427,0.0,0.0,0.0,0.0,0.0,0.0,0.0,0.0,0.0,0.0,0.0,0.0,6.0,6.0,6.0,20.0,20.0,20.0,377.455855,168.798624,461.455651,0.0,0.0,0.0,0.0,0.0,0.0,0.0,0.0,0.0,0.0,0.0,0.0,0.0,0.0,0.0,0.0,0.0,0.0,0.0,0.0,0.0,0.0,0.0,0.0,0.0,0.0,0.0,0.0,0.0,0.0,0.0,0.0,0.0,0.0,0.0,0.0,0.0,0.0,0.0,0.0,0.0,0.0,0.0,0.0,0.0,0.0,0.0,0.0,0.0,0.0,0.0,0.0,0.0,0.0,0.0,0.0,0.0,0.0,0.0,0.0,0.0,0.0,0.0,0.0,0.0,0.0,0.0,0.0,0.0,0.0,0.0,0.0,0.0,0.0,0.0,0.0,0.0,0.0,0.0,0.0,0.0,0.0,0.0,0.0,0.0,0.0,0.0,0.0,0.0,0.0,0.0,0.0,0.0,0.0,0.0,0.0,0.0,0.0,0.0,0.0,0.0,0.0,0.0,0.0,0.0,0.0,0.0,0.0,0.0,0.0,0.0,0.0,0.0,0.0,0.0,0.0,0.0,0.0,0.0,0.0,0.0,0.0,0.0,0.0,0.0,0.0,0.0,0.0,0.0,0.0,0.0,0.0
P0,16,B,5,0,0,shuffled,1762.60955,1399.445803,2113.280612,425.390119,274.579226,515.681959,1176.16651,968.309849,1445.454943,1191.49246,933.002769,1521.1943,1535.73752,1273.725927,1826.381662,229.565372,148.343004,295.122455,459.130744,296.686009,590.244909,0.0,0.0,0.0,295.256658,204.849182,370.790818,477.219079,389.685663,573.098284,0.491578,0.389912,0.552278,8911.447097,7341.29808,10553.482178,3096.976016,1876.440738,4677.03766,0.484109,0.382519,0.538964,20.0,15.45,24.0,45.0,32.9,57.0,5.0,1.45,9.0,2.0,2.0,2.0,2.0,2.0,2.0,25.0,21.45,29.0,16.0,16.0,16.0,16.0,16.0,16.0,16.0,16.0,16.0,23773.308956,18910.147588,28621.527236,5041.65221,3666.090055,6676.42779,0.049485,0.038166,0.06361,0.163639,0.115438,0.194181,25.0,21.45,29.0,1.0,1.0,1.0,4.0,0.0,11.65,0.0,0.0,0.0,0.0,0.0,0.0,0.0,0.0,0.0,0.0,0.0,0.0,0.0,0.0,0.0,20.0,20.0,20.0,1176.16651,968.309849,1445.454943,0.0,0.0,0.0,0.0,0.0,0.0,0.0,0.0,0.0,0.0,0.0,0.0,32.0,32.0,32.0,20.0,20.0,20.0,425.390119,274.579226,515.681959,0.0,0.0,0.0,0.0,0.0,0.0,0.0,0.0,0.0,0.0,0.0,0.0,0.0,0.0,0.0,0.0,0.0,0.0,0.0,0.0,0.0,0.0,0.0,0.0,0.0,0.0,0.0,0.0,0.0,0.0,0.0,0.0,0.0,0.0,0.0,0.0,0.0,0.0,0.0,0.0,0.0,0.0,0.0,0.0,0.0,0.0,0.0,0.0,0.0,0.0,0.0,0.0,0.0,0.0,0.0,0.0,0.0,0.0,0.0,0.0,0.0,0.0,0.0,0.0,0.0,0.0,0.0,0.0,0.0,0.0,0.0,0.0,0.0,0.0,0.0,0.0,0.0,0.0,0.0,0.0,0.0,0.0,0.0,0.0,0.0,0.0,0.0,0.0,0.0,0.0,0.0,0.0,0.0,0.0,0.0,0.0,0.0,0.0,0.0,0.0,0.0,0.0,0.0,0.0,0.0,0.0,0.0,0.0,0.0,0.0,0.0,0.0,0.0,0.0,0.0,0.0,0.0,0.0,0.0,0.0,0.0,0.0,0.0,0.0,0.0,0.0,0.0,0.0,0.0,0.0,0.0,0.0
P1a,16,B,5,0,0,shuffled,1762.60955,1399.445803,2113.280612,0.0,0.0,0.0,1133.042521,931.46923,1395.12587,1191.49246,933.002769,1521.1943,1535.73752,1273.725927,1826.381662,261.540956,175.345806,377.173177,509.422389,317.779148,653.23906,0.0,0.0,0.0,295.256658,204.849182,370.790818,477.219079,389.685663,573.098284,0.491578,0.389912,0.552278,8911.447097,7341.29808,10553.482178,3096.976016,1876.440738,4677.03766,0.484109,0.382519,0.538964,20.0,15.45,24.0,45.0,32.9,57.0,5.0,1.45,9.0,2.0,2.0,2.0,2.0,2.0,2.0,25.0,21.45,29.0,16.0,16.0,16.0,16.0,16.0,16.0,16.0,16.0,16.0,23773.308956,18910.147588,28621.527236,5548.767378,4160.20937,7785.72435,0.049485,0.038166,0.06361,0.163639,0.115438,0.194181,25.0,21.45,29.0,2.0,2.0,2.0,4.0,0.0,11.65,0.0,0.0,0.0,0.0,0.0,0.0,0.0,0.0,0.0,0.0,0.0,0.0,0.0,0.0,0.0,20.0,20.0,20.0,1133.042521,931.46923,1395.12587,0.0,0.0,0.0,0.0,0.0,0.0,0.0,0.0,0.0,0.0,0.0,0.0,32.0,32.0,32.0,20.0,20.0,20.0,0.0,0.0,0.0,0.0,0.0,0.0,-425.390119,-515.681959,-274.579226,-42.6746,-51.210857,-33.470607,0.0,0.0,0.0,0.0,0.0,0.0,32.249746,7.672945,92.849672,25.19315,1.200377,114.114993,0.0,0.0,0.0,0.0,0.0,0.0,0.0,0.0,0.0,0.0,0.0,0.0,0.0,-0.0,0.0,0.0,0.0,0.0,0.0,0.0,0.0,0.0,0.0,0.0,0.0,0.0,0.0,0.0,0.0,0.0,0.0,0.0,0.0,0.0,0.0,0.0,0.0,0.0,0.0,0.0,0.0,0.0,0.0,0.0,0.0,0.0,0.0,0.0,0.0,0.0,0.0,403.0904,19.206027,1825.839893,0.0,-0.0,0.0,0.0,0.0,0.0,0.0,0.0,0.0,1.0,1.0,1.0,0.0,0.0,0.0,0.0,0.0,0.0,0.0,0.0,0.0,0.0,0.0,0.0,0.0,0.0,0.0,0.0,0.0,0.0,0.0,0.0,0.0,-42.6746,-51.210857,-33.470607,0.0,0.0,0.0,0.0,0.0,0.0,0.0,0.0,0.0,0.0,0.0,0.0,0.0,0.0,0.0,0.0,0.0,0.0,-425.390119,-515.681959,-274.579226
P1b,16,B,5,0,0,shuffled,1762.60955,1399.445803,2113.280612,117.754634,0.0,480.809352,1152.875012,931.46923,1438.170471,1191.49246,933.002769,1521.1943,1535.73752,1273.725927,1826.381662,247.171127,158.391895,335.655289,485.250175,305.26232,595.533879,0.0,0.0,0.0,295.256658,204.849182,370.790818,477.219079,389.685663,573.098284,0.491578,0.389912,0.552278,8911.447097,7341.29808,10553.482178,3096.976016,1876.440738,4677.03766,0.484109,0.382519,0.538964,20.0,15.45,24.0,45.0,32.9,57.0,5.0,1.45,9.0,2.0,2.0,2.0,2.0,2.0,2.0,25.0,21.45,29.0,16.0,16.0,16.0,16.0,16.0,16.0,16.0,16.0,16.0,23773.308956,18910.147588,28621.527236,5314.316155,4025.384161,7036.931867,0.049485,0.038166,0.06361,0.163639,0.115438,0.194181,25.0,21.45,29.0,1.5,1.0,2.0,4.0,0.0,11.65,0.0,0.0,0.0,0.0,0.0,0.0,0.0,0.0,0.0,0.0,0.0,0.0,0.0,0.0,0.0,20.0,20.0,20.0,1152.875012,931.46923,1438.170471,0.0,0.0,0.0,0.0,0.0,0.0,0.0,0.0,0.0,0.0,0.0,0.0,32.0,32.0,32.0,20.0,20.0,20.0,117.754634,0.0,480.809352,0.0,0.0,0.0,-130.460368,-515.681959,0.0,-16.47141,-47.522466,0.0,0.0,0.0,0.0,0.0,0.0,0.0,3.182921,0.0,65.903599,0.63075,0.0,87.452855,0.0,0.0,0.0,0.0,0.0,0.0,0.0,0.0,0.0,0.0,0.0,0.0,0.0,0.0,0.0,0.0,0.0,0.0,0.0,0.0,0.0,0.0,0.0,0.0,0.0,0.0,0.0,0.0,0.0,0.0,0.0,0.0,0.0,0.0,0.0,0.0,0.0,0.0,0.0,0.0,0.0,0.0,0.0,0.0,0.0,0.0,0.0,0.0,0.0,0.0,0.0,10.092,0.0,1399.24568,0.0,0.0,0.0,0.0,0.0,0.0,0.0,0.0,0.0,0.5,0.0,1.0,0.0,0.0,0.0,0.0,0.0,0.0,0.0,0.0,0.0,0.0,0.0,0.0,0.0,0.0,0.0,0.0,0.0,0.0,0.0,0.0,0.0,-16.47141,-47.522466,0.0,0.0,0.0,0.0,0.0,0.0,0.0,0.0,0.0,0.0,0.0,0.0,0.0,0.0,0.0,0.0,0.0,0.0,0.0,-130.460368,-515.681959,0.0
P1d,16,B,5,0,0,shuffled,1756.025988,1511.004481,2068.346121,13.136467,0.0,150.257881,840.598029,651.159041,1012.512731,837.717139,599.041858,1168.233099,1527.516531,1266.906533,1805.398797,841.932964,599.943222,1060.173955,1489.066564,1223.962019,1847.802069,26.79093,0.0,46.050824,125.009493,113.217481,162.128729,155.224763,124.001337,308.22924,0.552744,0.445784,0.620212,13599.273261,10452.509302,17500.512337,29.908713,0.0,510.960625,0.18384,0.130377,0.284401,4.0,2.0,10.65,10.5,4.0,25.3,1.0,0.0,4.55,12.0,11.0,14.0,12.0,11.0,14.0,21.0,20.0,24.55,2.461538,2.240584,2.909091,2.0,1.0,3.0,7.0,5.0,11.1,26638.416439,22701.486409,31762.847921,23849.159619,20030.798496,29243.16924,0.048714,0.039134,0.062832,0.050616,0.040848,0.066276,21.0,20.0,24.55,12.0,10.0,14.0,3.0,0.0,6.55,0.0,0.0,0.0,0.0,0.0,0.0,0.0,0.0,0.0,0.0,0.0,0.0,0.0,0.0,0.0,20.0,20.0,20.0,840.598029,651.159041,1012.512731,0.0,0.0,0.0,0.0,0.0,0.0,0.0,0.0,0.0,0.0,0.0,0.0,32.0,32.0,32.0,20.0,20.0,20.0,13.136467,0.0,150.257881,30.703176,-313.422018,200.182449,-394.982582,-515.681959,-232.428783,-320.748533,-572.367766,-197.916382,-346.716132,-608.385277,-127.257272,25.369443,-237.047548,176.081014,611.736635,382.940505,802.356416,1086.396928,746.273771,1465.219377,26.79093,0.0,46.050824,-166.984391,-249.973382,-73.094644,-308.920547,-419.321683,-173.367672,0.057428,-0.007644,0.135655,4793.128548,1387.390753,8260.955896,-3029.165266,-4528.379175,-1805.630141,-0.275006,-0.380591,-0.186307,-14.5,-20.55,-10.0,-33.0,-45.75,-21.9,-3.0,-6.0,-1.0,10.0,9.0,12.0,10.0,9.0,12.0,-3.0,-6.0,-1.0,-13.538462,-13.759416,-13.090909,-14.0,-15.0,-13.0,-9.0,-11.0,-4.9,3016.379351,-582.193308,6057.748248,18639.898674,14739.72339,23982.006231,-0.000824,-0.006523,0.007514,-0.110788,-0.137968,-0.069045,-3.0,-6.0,-1.0,11.0,9.0,13.0,0.0,-6.65,2.0,0.0,0.0,0.0,0.0,0.0,0.0,0.0,0.0,0.0,0.0,0.0,0.0,0.0,0.0,0.0,0.0,0.0,0.0,-320.748533,-572.367766,-197.916382,0.0,0.0,0.0,0.0,0.0,0.0,0.0,0.0,0.0,0.0,0.0,0.0,0.0,0.0,0.0,0.0,0.0,0.0,-394.982582,-515.681959,-232.428783
P0,16,B,10,0,0,shuffled,2201.32859,2017.200292,2680.146642,686.91357,550.044667,759.285614,1618.76418,1431.926879,1913.508057,1647.503396,1445.059142,2002.684914,1969.737667,1698.993151,2294.685989,356.345593,305.875379,402.587986,712.691186,611.750759,805.175972,0.0,0.0,0.0,466.867141,315.1663,572.105626,709.606632,619.044667,823.283445,0.588236,0.496062,0.648512,13475.676013,12310.950075,15339.018818,6171.938514,4808.361996,7698.539091,0.585847,0.492854,0.641931,22.0,19.0,26.55,49.0,43.0,60.55,5.0,3.45,10.55,2.0,2.0,2.0,2.0,2.0,2.0,25.0,23.45,30.55,16.0,16.0,16.0,16.0,16.0,16.0,16.0,16.0,16.0,28328.613313,25154.957907,34589.873454,7279.07404,6422.730388,8880.386939,0.037671,0.030621,0.048072,0.209362,0.180358,0.244738,25.0,23.45,30.55,1.0,1.0,1.0,16.5,10.45,19.0,0.0,0.0,0.0,0.0,0.0,0.0,0.0,0.0,0.0,0.0,0.0,0.0,0.0,0.0,0.0,20.0,20.0,20.0,1618.76418,1431.926879,1913.508057,0.0,0.0,0.0,0.0,0.0,0.0,0.0,0.0,0.0,0.0,0.0,0.0,32.0,32.0,32.0,20.0,20.0,20.0,686.91357,550.044667,759.285614,0.0,0.0,0.0,0.0,0.0,0.0,0.0,0.0,0.0,0.0,0.0,0.0,0.0,0.0,0.0,0.0,0.0,0.0,0.0,0.0,0.0,0.0,0.0,0.0,0.0,0.0,0.0,0.0,0.0,0.0,0.0,0.0,0.0,0.0,0.0,0.0,0.0,0.0,0.0,0.0,0.0,0.0,0.0,0.0,0.0,0.0,0.0,0.0,0.0,0.0,0.0,0.0,0.0,0.0,0.0,0.0,0.0,0.0,0.0,0.0,0.0,0.0,0.0,0.0,0.0,0.0,0.0,0.0,0.0,0.0,0.0,0.0,0.0,0.0,0.0,0.0,0.0,0.0,0.0,0.0,0.0,0.0,0.0,0.0,0.0,0.0,0.0,0.0,0.0,0.0,0.0,0.0,0.0,0.0,0.0,0.0,0.0,0.0,0.0,0.0,0.0,0.0,0.0,0.0,0.0,0.0,0.0,0.0,0.0,0.0,0.0,0.0,0.0,0.0,0.0,0.0,0.0,0.0,0.0,0.0,0.0,0.0,0.0,0.0,0.0,0.0,0.0,0.0,0.0,0.0,0.0,0.0
P1a,16,B,10,0,0,shuffled,2201.32859,2017.200292,2680.146642,0.0,0.0,0.0,1553.404793,1370.354089,1839.104453,1647.503396,1445.059142,2002.684914,1969.737667,1698.993151,2294.685989,377.485676,331.781482,482.415618,744.510805,636.385533,864.990255,0.0,0.0,0.0,466.867141,315.1663,572.105626,709.606632,619.044667,823.283445,0.588236,0.496062,0.648512,13475.676013,12310.950075,15339.018818,6171.938514,4808.361996,7698.539091,0.585847,0.492854,0.641931,22.0,19.0,26.55,49.0,43.0,60.55,5.0,3.45,10.55,2.0,2.0,2.0,2.0,2.0,2.0,25.0,23.45,30.55,16.0,16.0,16.0,16.0,16.0,16.0,16.0,16.0,16.0,28328.613313,25154.957907,34589.873454,7915.697973,6679.523376,10041.417794,0.037671,0.030621,0.048072,0.209362,0.180358,0.244738,25.0,23.45,30.55,2.0,2.0,2.0,16.5,10.45,18.0,0.0,0.0,0.0,0.0,0.0,0.0,0.0,0.0,0.0,0.0,0.0,0.0,0.0,0.0,0.0,20.0,20.0,20.0,1553.404793,1370.354089,1839.104453,0.0,0.0,0.0,0.0,0.0,0.0,0.0,0.0,0.0,0.0,0.0,0.0,32.0,32.0,32.0,20.0,20.0,20.0,0.0,0.0,0.0,0.0,0.0,0.0,-686.91357,-759.285614,-550.044667,-65.370364,-76.621739,-59.102005,0.0,0.0,0.0,0.0,0.0,0.0,32.249746,7.672945,92.849672,25.19315,1.200377,114.114993,0.0,0.0,0.0,0.0,-0.0,0.0,0.0,0.0,0.0,0.0,0.0,0.0,0.0,-0.0,0.0,0.0,-0.0,0.0,0.0,0.0,0.0,0.0,0.0,0.0,0.0,0.0,0.0,0.0,0.0,0.0,0.0,0.0,0.0,0.0,0.0,0.0,0.0,0.0,0.0,0.0,0.0,0.0,0.0,0.0,0.0,0.0,0.0,0.0,0.0,-0.0,0.0,403.0904,19.206027,1825.839893,0.0,-0.0,0.0,0.0,-0.0,0.0,0.0,0.0,0.0,1.0,1.0,1.0,0.0,-1.0,0.0,0.0,0.0,0.0,0.0,0.0,0.0,0.0,0.0,0.0,0.0,0.0,0.0,0.0,0.0,0.0,0.0,0.0,0.0,-65.370364,-76.621739,-59.102005,0.0,0.0,0.0,0.0,0.0,0.0,0.0,0.0,0.0,0.0,0.0,0.0,0.0,0.0,0.0,0.0,0.0,0.0,-686.91357,-759.285614,-550.044667
P1b,16,B,10,0,0,shuffled,2201.32859,2017.200292,2680.146642,260.19506,0.0,724.540168,1613.757894,1370.354089,1879.290502,1647.503396,1445.059142,2002.684914,1969.737667,1698.993151,2294.685989,366.37067,305.875379,439.883483,727.006248,611.750759,820.247133,0.0,0.0,0.0,466.867141,315.1663,572.105626,709.606632,619.044667,823.283445,0.588236,0.496062,0.648512,13475.676013,12310.950075,15339.018818,6171.938514,4808.361996,7698.539091,0.585847,0.492854,0.641931,22.0,19.0,26.55,49.0,43.0,60.55,5.0,3.45,10.55,2.0,2.0,2.0,2.0,2.0,2.0,25.0,23.45,30.55,16.0,16.0,16.0,16.0,16.0,16.0,16.0,16.0,16.0,28328.613313,25154.957907,34589.873454,7509.121685,6459.787498,9212.992047,0.037671,0.030621,0.048072,0.209362,0.180358,0.244738,25.0,23.45,30.55,1.5,1.0,2.0,16.5,10.45,19.0,0.0,0.0,0.0,0.0,0.0,0.0,0.0,0.0,0.0,0.0,0.0,0.0,0.0,0.0,0.0,20.0,20.0,20.0,1613.757894,1370.354089,1879.290502,0.0,0.0,0.0,0.0,0.0,0.0,0.0,0.0,0.0,0.0,0.0,0.0,32.0,32.0,32.0,20.0,20.0,20.0,260.19506,0.0,724.540168,0.0,0.0,0.0,-300.636467,-750.040168,0.0,-28.756304,-73.80645,0.0,0.0,0.0,0.0,0.0,0.0,0.0,3.182921,0.0,65.903599,0.63075,0.0,87.452855,0.0,0.0,0.0,0.0,-0.0,0.0,0.0,0.0,0.0,0.0,0.0,0.0,0.0,-0.0,0.0,0.0,0.0,0.0,0.0,0.0,0.0,0.0,0.0,0.0,0.0,0.0,0.0,0.0,0.0,0.0,0.0,0.0,0.0,0.0,0.0,0.0,0.0,0.0,0.0,0.0,0.0,0.0,0.0,0.0,0.0,0.0,0.0,0.0,0.0,-0.0,0.0,10.092,0.0,1399.24568,0.0,-0.0,0.0,0.0,0.0,0.0,0.0,0.0,0.0,0.5,0.0,1.0,0.0,-1.0,0.0,0.0,0.0,0.0,0.0,0.0,0.0,0.0,0.0,0.0,0.0,0.0,0.0,0.0,0.0,0.0,0.0,0.0,0.0,-28.756304,-73.80645,0.0,0.0,0.0,0.0,0.0,0.0,0.0,0.0,0.0,0.0,0.0,0.0,0.0,0.0,0.0,0.0,0.0,0.0,0.0,-300.636467,-750.040168,0.0
P1d,16,B,10,0,0,shuffled,1915.63798,1722.154174,2252.612513,15.636467,0.0,187.257881,924.065845,729.441773,1159.158023,930.003924,666.763569,1378.604599,1679.651472,1457.821065,2015.020482,912.164194,699.17528,1125.442611,1700.585409,1368.527369,2010.920429,31.0206,0.0,52.31555,145.584179,128.217724,221.777438,230.089723,131.293059,440.208514,0.598368,0.486692,0.653199,16738.495347,12488.165577,21134.830353,90.578665,0.0,1015.902703,0.300396,0.237994,0.400095,6.0,3.45,11.65,14.5,6.45,27.75,1.0,0.0,4.55,12.0,11.0,14.0,12.0,11.0,14.0,21.0,20.0,24.55,2.461538,2.240584,2.909091,2.0,1.0,3.0,7.0,5.0,11.1,29303.986119,26089.98446,34303.467971,26821.769287,22340.966827,31750.987864,0.042917,0.035401,0.053807,0.048054,0.036788,0.068694,21.0,20.0,24.55,12.0,10.0,14.0,4.0,1.45,9.2,0.0,0.0,0.0,0.0,0.0,0.0,0.0,0.0,0.0,0.0,0.0,0.0,0.0,0.0,0.0,20.0,20.0,20.0,924.065845,729.441773,1159.158023,0.0,0.0,0.0,0.0,0.0,0.0,0.0,0.0,0.0,0.0,0.0,0.0,32.0,32.0,32.0,20.0,20.0,20.0,15.636467,0.0,187.257881,-309.900174,-600.869585,13.594405,-637.456063,-750.040168,-444.458652,-696.393549,-978.309335,-451.478648,-721.063608,-1077.900788,-321.255514,-278.944774,-580.081054,-4.049363,550.961565,375.950442,766.586205,973.797987,716.415812,1340.370303,31.0206,0.0,52.31555,-319.31782,-405.925494,-115.95598,-512.478946,-593.719536,-240.0,0.002341,-0.102223,0.078551,3340.094953,-706.06505,7473.524631,-6067.004809,-7631.240428,-4238.065285,-0.268963,-0.339837,-0.177299,-16.0,-20.55,-11.0,-36.5,-47.2,-22.8,-4.0,-6.0,-1.0,10.0,9.0,12.0,10.0,9.0,12.0,-4.0,-6.0,-1.0,-13.538462,-13.759416,-13.090909,-14.0,-15.0,-13.0,-9.0,-11.0,-4.9,1090.190478,-2333.609406,5453.601392,19478.660067,15094.780033,24212.420233,0.005107,-0.000209,0.011134,-0.153883,-0.191604,-0.126037,-4.0,-6.0,-1.0,11.0,9.0,13.0,-10.5,-16.55,-4.0,0.0,0.0,0.0,0.0,0.0,0.0,0.0,0.0,0.0,0.0,0.0,0.0,0.0,0.0,0.0,0.0,0.0,0.0,-696.393549,-978.309335,-451.478648,0.0,0.0,0.0,0.0,0.0,0.0,0.0,0.0,0.0,0.0,0.0,0.0,0.0,0.0,0.0,0.0,0.0,0.0,-637.456063,-750.040168,-444.458652
P0,16,B,20,0,0,shuffled,3227.475491,2821.939904,3742.958911,1144.929581,980.390119,1270.2868,2568.903483,2236.662357,2843.008057,2631.213912,2262.462594,2955.684914,2926.954015,2540.451255,3226.538325,581.668646,504.627136,653.479559,1163.337291,1009.254272,1306.959118,0.0,0.0,0.0,790.203884,526.815659,935.653318,1202.612714,1100.390119,1327.544667,0.704999,0.620148,0.756329,22152.017207,20304.599422,24683.289264,12191.143861,9922.883044,14821.443842,0.704651,0.617839,0.752181,24.0,20.45,27.55,53.0,45.45,61.55,6.0,3.45,11.55,2.0,2.0,2.0,2.0,2.0,2.0,26.0,23.45,31.55,16.0,16.0,16.0,16.0,16.0,16.0,16.0,16.0,16.0,38002.966758,33356.981224,43960.966574,11658.111332,10286.110892,13870.53421,0.025821,0.022203,0.033808,0.267106,0.231465,0.29112,26.0,23.45,31.55,1.0,1.0,1.0,19.0,19.0,19.0,0.0,0.0,0.0,0.0,0.0,0.0,0.0,0.0,0.0,0.0,0.0,0.0,0.0,0.0,0.0,20.0,20.0,20.0,2568.903483,2236.662357,2843.008057,0.0,0.0,0.0,0.0,0.0,0.0,0.0,0.0,0.0,0.0,0.0,0.0,32.0,32.0,32.0,20.0,20.0,20.0,1144.929581,980.390119,1270.2868,0.0,0.0,0.0,0.0,0.0,0.0,0.0,0.0,0.0,0.0,0.0,0.0,0.0,0.0,0.0,0.0,0.0,0.0,0.0,0.0,0.0,0.0,0.0,0.0,0.0,0.0,0.0,0.0,0.0,0.0,0.0,0.0,0.0,0.0,0.0,0.0,0.0,0.0,0.0,0.0,0.0,0.0,0.0,0.0,0.0,0.0,0.0,0.0,0.0,0.0,0.0,0.0,0.0,0.0,0.0,0.0,0.0,0.0,0.0,0.0,0.0,0.0,0.0,0.0,0.0,0.0,0.0,0.0,0.0,0.0,0.0,0.0,0.0,0.0,0.0,0.0,0.0,0.0,0.0,0.0,0.0,0.0,0.0,0.0,0.0,0.0,0.0,0.0,0.0,0.0,0.0,0.0,0.0,0.0,0.0,0.0,0.0,0.0,0.0,0.0,0.0,0.0,0.0,0.0,0.0,0.0,0.0,0.0,0.0,0.0,0.0,0.0,0.0,0.0,0.0,0.0,0.0,0.0,0.0,0.0,0.0,0.0,0.0,0.0,0.0,0.0,0.0,0.0,0.0,0.0,0.0,0.0
P1a,16,B,20,0,0,shuffled,3227.475491,2821.939904,3742.958911,0.0,0.0,0.0,2456.715426,2136.331614,2720.954453,2631.213912,2262.462594,2955.684914,2926.954015,2540.451255,3226.538325,602.050391,540.797646,737.817566,1180.191691,1034.06417,1378.566262,0.0,0.0,0.0,790.203884,526.815659,935.653318,1202.612714,1100.390119,1327.544667,0.704999,0.620148,0.756329,22152.017207,20304.599422,24683.289264,12191.143861,9922.883044,14821.443842,0.704651,0.617839,0.752181,24.0,20.45,27.55,53.0,45.45,61.55,6.0,3.45,11.55,2.0,2.0,2.0,2.0,2.0,2.0,26.0,23.45,31.55,16.0,16.0,16.0,16.0,16.0,16.0,16.0,16.0,16.0,38002.966758,33356.981224,43960.966574,12503.34322,10481.280707,15178.836486,0.025821,0.022203,0.033808,0.267106,0.231465,0.29112,26.0,23.45,31.55,2.0,2.0,2.0,18.0,18.0,18.0,0.0,0.0,0.0,0.0,0.0,0.0,0.0,0.0,0.0,0.0,0.0,0.0,0.0,0.0,0.0,20.0,20.0,20.0,2456.715426,2136.331614,2720.954453,0.0,0.0,0.0,0.0,0.0,0.0,0.0,0.0,0.0,0.0,0.0,0.0,32.0,32.0,32.0,20.0,20.0,20.0,0.0,0.0,0.0,0.0,0.0,0.0,-1144.929581,-1270.2868,-980.390119,-111.990916,-124.565191,-100.764029,0.0,0.0,0.0,0.0,0.0,0.0,32.249746,7.672945,92.849672,25.19315,1.200377,114.114993,0.0,0.0,0.0,0.0,0.0,0.0,0.0,-0.0,0.0,0.0,0.0,0.0,0.0,0.0,0.0,0.0,0.0,0.0,0.0,0.0,0.0,0.0,0.0,0.0,0.0,0.0,0.0,0.0,0.0,0.0,0.0,0.0,0.0,0.0,0.0,0.0,0.0,0.0,0.0,0.0,0.0,0.0,0.0,0.0,0.0,0.0,0.0,0.0,0.0,0.0,0.0,403.0904,19.206027,1825.839893,0.0,-0.0,0.0,0.0,0.0,0.0,0.0,0.0,0.0,1.0,1.0,1.0,-1.0,-1.0,-1.0,0.0,0.0,0.0,0.0,0.0,0.0,0.0,0.0,0.0,0.0,0.0,0.0,0.0,0.0,0.0,0.0,0.0,0.0,-111.990916,-124.565191,-100.764029,0.0,0.0,0.0,0.0,0.0,0.0,0.0,0.0,0.0,0.0,0.0,0.0,0.0,0.0,0.0,0.0,0.0,0.0,-1144.929581,-1270.2868,-980.390119
P1b,16,B,20,0,0,shuffled,3227.475491,2821.939904,3742.958911,460.19506,0.0,1240.684924,2515.286739,2136.331614,2815.071497,2631.213912,2262.462594,2955.684914,2926.954015,2540.451255,3226.538325,599.628511,518.070603,701.985714,1180.191691,1024.684502,1321.035982,0.0,0.0,0.0,790.203884,526.815659,935.653318,1202.612714,1100.390119,1327.544667,0.704999,0.620148,0.756329,22152.017207,20304.599422,24683.289264,12191.143861,9922.883044,14821.443842,0.704651,0.617839,0.752181,24.0,20.45,27.55,53.0,45.45,61.55,6.0,3.45,11.55,2.0,2.0,2.0,2.0,2.0,2.0,26.0,23.45,31.55,16.0,16.0,16.0,16.0,16.0,16.0,16.0,16.0,16.0,38002.966758,33356.981224,43960.966574,12233.969614,10373.962743,14045.08257,0.025821,0.022203,0.033808,0.267106,0.231465,0.29112,26.0,23.45,31.55,1.5,1.0,2.0,18.5,18.0,19.0,0.0,0.0,0.0,0.0,0.0,0.0,0.0,0.0,0.0,0.0,0.0,0.0,0.0,0.0,0.0,20.0,20.0,20.0,2515.286739,2136.331614,2815.071497,0.0,0.0,0.0,0.0,0.0,0.0,0.0,0.0,0.0,0.0,0.0,0.0,32.0,32.0,32.0,20.0,20.0,20.0,460.19506,0.0,1240.684924,0.0,0.0,0.0,-490.19506,-1220.390119,0.0,-48.506304,-121.785564,0.0,0.0,0.0,0.0,0.0,0.0,0.0,3.182921,0.0,65.903599,0.63075,0.0,87.452855,0.0,0.0,0.0,0.0,0.0,0.0,0.0,0.0,0.0,0.0,0.0,0.0,0.0,0.0,0.0,0.0,0.0,0.0,0.0,0.0,0.0,0.0,0.0,0.0,0.0,0.0,0.0,0.0,0.0,0.0,0.0,0.0,0.0,0.0,0.0,0.0,0.0,0.0,0.0,0.0,0.0,0.0,0.0,0.0,0.0,0.0,0.0,0.0,0.0,0.0,0.0,10.092,0.0,1399.24568,0.0,-0.0,0.0,0.0,0.0,0.0,0.0,0.0,0.0,0.5,0.0,1.0,-0.5,-1.0,0.0,0.0,0.0,0.0,0.0,0.0,0.0,0.0,0.0,0.0,0.0,0.0,0.0,0.0,0.0,0.0,0.0,0.0,0.0,-48.506304,-121.785564,0.0,0.0,0.0,0.0,0.0,0.0,0.0,0.0,0.0,0.0,0.0,0.0,0.0,0.0,0.0,0.0,0.0,0.0,0.0,-490.19506,-1220.390119,0.0
P1d,16,B,20,0,0,shuffled,2599.521216,2202.926249,2851.42478,20.636467,0.0,297.423702,1191.004632,925.585399,1507.099494,1196.426822,865.068479,1803.745994,2180.320336,1820.495758,2658.649021,1119.951401,928.349467,1368.093967,2179.047088,1733.565485,2459.023713,40.330509,0.0,67.51071,268.586604,152.536771,418.581555,411.208212,263.238541,749.2868,0.674855,0.594573,0.750124,25398.262097,20028.506149,29518.66044,493.467122,72.04446,2038.755291,0.498127,0.404778,0.571245,9.0,5.0,14.0,19.0,10.9,31.65,2.0,0.45,5.55,12.5,11.0,14.0,12.5,11.0,14.0,22.0,20.45,25.55,2.461538,2.240584,2.909091,2.0,1.0,3.0,7.0,5.0,11.1,39370.360582,33493.271591,43685.395695,34564.273331,29345.798901,39569.502184,0.033519,0.027782,0.040987,0.047294,0.034764,0.078827,22.0,20.45,25.55,12.0,10.0,14.0,7.5,4.45,13.55,0.0,0.0,0.0,0.0,0.0,0.0,0.0,0.0,0.0,0.0,0.0,0.0,0.0,0.0,0.0,20.0,20.0,20.0,1191.004632,925.585399,1507.099494,0.0,0.0,0.0,0.0,0.0,0.0,0.0,0.0,0.0,0.0,0.0,0.0,32.0,32.0,32.0,20.0,20.0,20.0,20.636467,0.0,297.423702,-738.319818,-1109.555713,-193.069498,-1100.202348,-1246.246604,-772.940724,-1348.118597,-1749.383724,-939.348742,-1387.339449,-1886.824302,-663.59613,-727.023703,-1237.06754,-137.484444,532.596455,315.045118,773.587088,1014.801371,592.492399,1402.750105,40.330509,0.0,67.51071,-544.807505,-656.690693,-183.064983,-765.543641,-977.849724,-425.099767,-0.023618,-0.085821,0.017971,3217.099416,-2416.310292,8470.809642,-11740.435174,-14204.607307,-8742.930884,-0.199347,-0.288861,-0.123131,-15.0,-18.55,-9.45,-33.0,-43.1,-19.45,-4.0,-6.55,-1.0,10.5,9.0,12.0,10.5,9.0,12.0,-4.0,-6.55,-1.0,-13.538462,-13.759416,-13.090909,-14.0,-15.0,-13.0,-9.0,-11.0,-4.9,389.408419,-4371.435684,6212.368715,22822.54881,17312.790134,28911.774971,0.006785,0.001779,0.011903,-0.214643,-0.241384,-0.173669,-4.0,-6.55,-1.0,11.0,9.0,13.0,-11.5,-14.55,-5.45,0.0,0.0,0.0,0.0,0.0,0.0,0.0,0.0,0.0,0.0,0.0,0.0,0.0,0.0,0.0,0.0,0.0,0.0,-1348.118597,-1749.383724,-939.348742,0.0,0.0,0.0,0.0,0.0,0.0,0.0,0.0,0.0,0.0,0.0,0.0,0.0,0.0,0.0,0.0,0.0,0.0,-1100.202348,-1246.246604,-772.940724
P0,16,B,5,0,0,plain-older,1762.60955,1399.445803,2113.280612,425.390119,274.579226,515.681959,1176.16651,968.309849,1445.454943,1191.49246,933.002769,1521.1943,1535.73752,1273.725927,1826.381662,229.565372,148.343004,295.122455,459.130744,296.686009,590.244909,0.0,0.0,0.0,295.256658,204.849182,370.790818,477.219079,389.685663,573.098284,0.491578,0.389912,0.552278,8911.447097,7341.29808,10553.482178,3096.976016,1876.440738,4677.03766,0.484109,0.382519,0.538964,20.0,15.45,24.0,45.0,32.9,57.0,5.0,1.45,9.0,2.0,2.0,2.0,2.0,2.0,2.0,25.0,21.45,29.0,16.0,16.0,16.0,16.0,16.0,16.0,16.0,16.0,16.0,23773.308956,18910.147588,28621.527236,5041.65221,3666.090055,6676.42779,0.049485,0.038166,0.06361,0.163639,0.115438,0.194181,25.0,21.45,29.0,1.0,1.0,1.0,4.0,0.0,11.65,0.0,0.0,0.0,0.0,0.0,0.0,0.0,0.0,0.0,0.0,0.0,0.0,0.0,0.0,0.0,20.0,20.0,20.0,1176.16651,968.309849,1445.454943,0.0,0.0,0.0,0.0,0.0,0.0,0.0,0.0,0.0,0.0,0.0,0.0,32.0,32.0,32.0,20.0,20.0,20.0,425.390119,274.579226,515.681959,0.0,0.0,0.0,0.0,0.0,0.0,0.0,0.0,0.0,0.0,0.0,0.0,0.0,0.0,0.0,0.0,0.0,0.0,0.0,0.0,0.0,0.0,0.0,0.0,0.0,0.0,0.0,0.0,0.0,0.0,0.0,0.0,0.0,0.0,0.0,0.0,0.0,0.0,0.0,0.0,0.0,0.0,0.0,0.0,0.0,0.0,0.0,0.0,0.0,0.0,0.0,0.0,0.0,0.0,0.0,0.0,0.0,0.0,0.0,0.0,0.0,0.0,0.0,0.0,0.0,0.0,0.0,0.0,0.0,0.0,0.0,0.0,0.0,0.0,0.0,0.0,0.0,0.0,0.0,0.0,0.0,0.0,0.0,0.0,0.0,0.0,0.0,0.0,0.0,0.0,0.0,0.0,0.0,0.0,0.0,0.0,0.0,0.0,0.0,0.0,0.0,0.0,0.0,0.0,0.0,0.0,0.0,0.0,0.0,0.0,0.0,0.0,0.0,0.0,0.0,0.0,0.0,0.0,0.0,0.0,0.0,0.0,0.0,0.0,0.0,0.0,0.0,0.0,0.0,0.0,0.0,0.0
P1a,16,B,5,0,0,plain-older,1762.60955,1399.445803,2113.280612,0.0,0.0,0.0,1133.042521,931.46923,1395.12587,1191.49246,933.002769,1521.1943,1535.73752,1273.725927,1826.381662,261.540956,175.345806,377.173177,509.422389,317.779148,653.23906,0.0,0.0,0.0,295.256658,204.849182,370.790818,477.219079,389.685663,573.098284,0.491578,0.389912,0.552278,8911.447097,7341.29808,10553.482178,3096.976016,1876.440738,4677.03766,0.484109,0.382519,0.538964,20.0,15.45,24.0,45.0,32.9,57.0,5.0,1.45,9.0,2.0,2.0,2.0,2.0,2.0,2.0,25.0,21.45,29.0,16.0,16.0,16.0,16.0,16.0,16.0,16.0,16.0,16.0,23773.308956,18910.147588,28621.527236,5548.767378,4160.20937,7785.72435,0.049485,0.038166,0.06361,0.163639,0.115438,0.194181,25.0,21.45,29.0,2.0,2.0,2.0,4.0,0.0,11.65,0.0,0.0,0.0,0.0,0.0,0.0,0.0,0.0,0.0,0.0,0.0,0.0,0.0,0.0,0.0,20.0,20.0,20.0,1133.042521,931.46923,1395.12587,0.0,0.0,0.0,0.0,0.0,0.0,0.0,0.0,0.0,0.0,0.0,0.0,32.0,32.0,32.0,20.0,20.0,20.0,0.0,0.0,0.0,0.0,0.0,0.0,-425.390119,-515.681959,-274.579226,-42.6746,-51.210857,-33.470607,0.0,0.0,0.0,0.0,0.0,0.0,32.249746,7.672945,92.849672,25.19315,1.200377,114.114993,0.0,0.0,0.0,0.0,0.0,0.0,0.0,0.0,0.0,0.0,0.0,0.0,0.0,-0.0,0.0,0.0,0.0,0.0,0.0,0.0,0.0,0.0,0.0,0.0,0.0,0.0,0.0,0.0,0.0,0.0,0.0,0.0,0.0,0.0,0.0,0.0,0.0,0.0,0.0,0.0,0.0,0.0,0.0,0.0,0.0,0.0,0.0,0.0,0.0,0.0,0.0,403.0904,19.206027,1825.839893,0.0,-0.0,0.0,0.0,0.0,0.0,0.0,0.0,0.0,1.0,1.0,1.0,0.0,0.0,0.0,0.0,0.0,0.0,0.0,0.0,0.0,0.0,0.0,0.0,0.0,0.0,0.0,0.0,0.0,0.0,0.0,0.0,0.0,-42.6746,-51.210857,-33.470607,0.0,0.0,0.0,0.0,0.0,0.0,0.0,0.0,0.0,0.0,0.0,0.0,0.0,0.0,0.0,0.0,0.0,0.0,-425.390119,-515.681959,-274.579226
P1b,16,B,5,0,0,plain-older,1762.60955,1399.445803,2113.280612,0.0,0.0,0.0,1133.042521,931.46923,1395.12587,1191.49246,933.002769,1521.1943,1535.73752,1273.725927,1826.381662,261.540956,175.345806,377.173177,509.422389,317.779148,653.23906,0.0,0.0,0.0,295.256658,204.849182,370.790818,477.219079,389.685663,573.098284,0.491578,0.389912,0.552278,8911.447097,7341.29808,10553.482178,3096.976016,1876.440738,4677.03766,0.484109,0.382519,0.538964,20.0,15.45,24.0,45.0,32.9,57.0,5.0,1.45,9.0,2.0,2.0,2.0,2.0,2.0,2.0,25.0,21.45,29.0,16.0,16.0,16.0,16.0,16.0,16.0,16.0,16.0,16.0,23773.308956,18910.147588,28621.527236,5548.767378,4160.20937,7785.72435,0.049485,0.038166,0.06361,0.163639,0.115438,0.194181,25.0,21.45,29.0,2.0,2.0,2.0,4.0,0.0,11.65,0.0,0.0,0.0,0.0,0.0,0.0,0.0,0.0,0.0,0.0,0.0,0.0,0.0,0.0,0.0,20.0,20.0,20.0,1133.042521,931.46923,1395.12587,0.0,0.0,0.0,0.0,0.0,0.0,0.0,0.0,0.0,0.0,0.0,0.0,32.0,32.0,32.0,20.0,20.0,20.0,0.0,0.0,0.0,0.0,0.0,0.0,-425.390119,-515.681959,-274.579226,-42.6746,-51.210857,-33.470607,0.0,0.0,0.0,0.0,0.0,0.0,32.249746,7.672945,92.849672,25.19315,1.200377,114.114993,0.0,0.0,0.0,0.0,0.0,0.0,0.0,0.0,0.0,0.0,0.0,0.0,0.0,-0.0,0.0,0.0,0.0,0.0,0.0,0.0,0.0,0.0,0.0,0.0,0.0,0.0,0.0,0.0,0.0,0.0,0.0,0.0,0.0,0.0,0.0,0.0,0.0,0.0,0.0,0.0,0.0,0.0,0.0,0.0,0.0,0.0,0.0,0.0,0.0,0.0,0.0,403.0904,19.206027,1825.839893,0.0,-0.0,0.0,0.0,0.0,0.0,0.0,0.0,0.0,1.0,1.0,1.0,0.0,0.0,0.0,0.0,0.0,0.0,0.0,0.0,0.0,0.0,0.0,0.0,0.0,0.0,0.0,0.0,0.0,0.0,0.0,0.0,0.0,-42.6746,-51.210857,-33.470607,0.0,0.0,0.0,0.0,0.0,0.0,0.0,0.0,0.0,0.0,0.0,0.0,0.0,0.0,0.0,0.0,0.0,0.0,-425.390119,-515.681959,-274.579226
P1d,16,B,5,0,0,plain-older,1775.880702,1511.072316,2090.610941,0.0,0.0,0.0,341.084768,205.712934,514.924417,325.628592,195.830193,550.930435,673.184621,457.248722,976.975668,875.699409,656.164898,1218.979505,1402.844099,1085.849811,1805.987958,0.0,0.0,0.0,100.951664,25.891901,224.560828,515.0,446.75,613.25,0.369218,0.301909,0.461406,6458.311049,5229.796471,9507.465616,5322.922764,4030.911557,8363.486113,0.473235,0.378421,0.533935,20.0,16.0,23.0,44.5,37.0,53.0,4.0,2.45,8.55,2.0,2.0,2.0,2.0,2.0,2.0,24.0,22.45,28.55,11.75,8.725,14.825,11.75,8.725,14.825,16.0,16.0,16.0,21111.986658,17307.973528,27591.140434,17398.6063,12656.433663,22755.744596,0.047289,0.039075,0.063297,0.241306,0.164141,0.324599,24.0,22.45,28.55,2.0,2.0,2.0,0.0,0.0,0.0,0.0,0.0,0.0,0.0,0.0,0.0,0.0,0.0,0.0,0.0,0.0,0.0,0.0,0.0,0.0,20.0,20.0,20.0,341.084768,205.712934,514.924417,0.0,0.0,0.0,0.0,0.0,0.0,0.0,0.0,0.0,0.0,0.0,0.0,32.0,32.0,32.0,20.0,20.0,20.0,0.0,0.0,0.0,5.042149,-138.016984,176.653764,-425.390119,-515.681959,-274.579226,-833.000779,-997.114251,-652.688138,-853.491998,-1024.217143,-669.412148,-853.491998,-1024.217143,-669.412148,665.324161,423.80037,1029.951702,997.179583,636.723841,1368.857278,0.0,0.0,0.0,-172.731731,-288.890169,-59.218274,32.639226,-31.044667,162.248327,-0.09878,-0.186399,-0.041194,-2315.366927,-3845.773535,-353.756827,2046.662307,-16.006309,5021.934755,-0.009179,-0.06022,0.041056,-1.0,-3.55,4.0,-2.0,-8.55,9.1,0.0,-2.0,1.0,0.0,0.0,0.0,0.0,0.0,0.0,0.0,-2.0,1.0,-4.25,-7.275,-1.175,-4.25,-7.275,-1.175,0.0,0.0,0.0,-2414.728947,-3743.170158,66.690012,12246.461485,8089.522658,18610.361197,-0.000152,-0.005947,0.003216,0.069655,0.006018,0.168488,0.0,-2.0,1.0,1.0,1.0,1.0,-4.0,-11.65,0.0,0.0,0.0,0.0,0.0,0.0,0.0,0.0,0.0,0.0,0.0,0.0,0.0,0.0,0.0,0.0,0.0,0.0,0.0,-833.000779,-997.114251,-652.688138,0.0,0.0,0.0,0.0,0.0,0.0,0.0,0.0,0.0,0.0,0.0,0.0,0.0,0.0,0.0,0.0,0.0,0.0,-425.390119,-515.681959,-274.579226
P0,16,B,10,0,0,plain-older,2201.32859,2017.200292,2680.146642,686.91357,550.044667,759.285614,1618.76418,1431.926879,1913.508057,1647.503396,1445.059142,2002.684914,1969.737667,1698.993151,2294.685989,356.345593,305.875379,402.587986,712.691186,611.750759,805.175972,0.0,0.0,0.0,466.867141,315.1663,572.105626,709.606632,619.044667,823.283445,0.588236,0.496062,0.648512,13475.676013,12310.950075,15339.018818,6171.938514,4808.361996,7698.539091,0.585847,0.492854,0.641931,22.0,19.0,26.55,49.0,43.0,60.55,5.0,3.45,10.55,2.0,2.0,2.0,2.0,2.0,2.0,25.0,23.45,30.55,16.0,16.0,16.0,16.0,16.0,16.0,16.0,16.0,16.0,28328.613313,25154.957907,34589.873454,7279.07404,6422.730388,8880.386939,0.037671,0.030621,0.048072,0.209362,0.180358,0.244738,25.0,23.45,30.55,1.0,1.0,1.0,16.5,10.45,19.0,0.0,0.0,0.0,0.0,0.0,0.0,0.0,0.0,0.0,0.0,0.0,0.0,0.0,0.0,0.0,20.0,20.0,20.0,1618.76418,1431.926879,1913.508057,0.0,0.0,0.0,0.0,0.0,0.0,0.0,0.0,0.0,0.0,0.0,0.0,32.0,32.0,32.0,20.0,20.0,20.0,686.91357,550.044667,759.285614,0.0,0.0,0.0,0.0,0.0,0.0,0.0,0.0,0.0,0.0,0.0,0.0,0.0,0.0,0.0,0.0,0.0,0.0,0.0,0.0,0.0,0.0,0.0,0.0,0.0,0.0,0.0,0.0,0.0,0.0,0.0,0.0,0.0,0.0,0.0,0.0,0.0,0.0,0.0,0.0,0.0,0.0,0.0,0.0,0.0,0.0,0.0,0.0,0.0,0.0,0.0,0.0,0.0,0.0,0.0,0.0,0.0,0.0,0.0,0.0,0.0,0.0,0.0,0.0,0.0,0.0,0.0,0.0,0.0,0.0,0.0,0.0,0.0,0.0,0.0,0.0,0.0,0.0,0.0,0.0,0.0,0.0,0.0,0.0,0.0,0.0,0.0,0.0,0.0,0.0,0.0,0.0,0.0,0.0,0.0,0.0,0.0,0.0,0.0,0.0,0.0,0.0,0.0,0.0,0.0,0.0,0.0,0.0,0.0,0.0,0.0,0.0,0.0,0.0,0.0,0.0,0.0,0.0,0.0,0.0,0.0,0.0,0.0,0.0,0.0,0.0,0.0,0.0,0.0,0.0,0.0,0.0
P1a,16,B,10,0,0,plain-older,2201.32859,2017.200292,2680.146642,0.0,0.0,0.0,1553.404793,1370.354089,1839.104453,1647.503396,1445.059142,2002.684914,1969.737667,1698.993151,2294.685989,377.485676,331.781482,482.415618,744.510805,636.385533,864.990255,0.0,0.0,0.0,466.867141,315.1663,572.105626,709.606632,619.044667,823.283445,0.588236,0.496062,0.648512,13475.676013,12310.950075,15339.018818,6171.938514,4808.361996,7698.539091,0.585847,0.492854,0.641931,22.0,19.0,26.55,49.0,43.0,60.55,5.0,3.45,10.55,2.0,2.0,2.0,2.0,2.0,2.0,25.0,23.45,30.55,16.0,16.0,16.0,16.0,16.0,16.0,16.0,16.0,16.0,28328.613313,25154.957907,34589.873454,7915.697973,6679.523376,10041.417794,0.037671,0.030621,0.048072,0.209362,0.180358,0.244738,25.0,23.45,30.55,2.0,2.0,2.0,16.5,10.45,18.0,0.0,0.0,0.0,0.0,0.0,0.0,0.0,0.0,0.0,0.0,0.0,0.0,0.0,0.0,0.0,20.0,20.0,20.0,1553.404793,1370.354089,1839.104453,0.0,0.0,0.0,0.0,0.0,0.0,0.0,0.0,0.0,0.0,0.0,0.0,32.0,32.0,32.0,20.0,20.0,20.0,0.0,0.0,0.0,0.0,0.0,0.0,-686.91357,-759.285614,-550.044667,-65.370364,-76.621739,-59.102005,0.0,0.0,0.0,0.0,0.0,0.0,32.249746,7.672945,92.849672,25.19315,1.200377,114.114993,0.0,0.0,0.0,0.0,-0.0,0.0,0.0,0.0,0.0,0.0,0.0,0.0,0.0,-0.0,0.0,0.0,-0.0,0.0,0.0,0.0,0.0,0.0,0.0,0.0,0.0,0.0,0.0,0.0,0.0,0.0,0.0,0.0,0.0,0.0,0.0,0.0,0.0,0.0,0.0,0.0,0.0,0.0,0.0,0.0,0.0,0.0,0.0,0.0,0.0,-0.0,0.0,403.0904,19.206027,1825.839893,0.0,-0.0,0.0,0.0,-0.0,0.0,0.0,0.0,0.0,1.0,1.0,1.0,0.0,-1.0,0.0,0.0,0.0,0.0,0.0,0.0,0.0,0.0,0.0,0.0,0.0,0.0,0.0,0.0,0.0,0.0,0.0,0.0,0.0,-65.370364,-76.621739,-59.102005,0.0,0.0,0.0,0.0,0.0,0.0,0.0,0.0,0.0,0.0,0.0,0.0,0.0,0.0,0.0,0.0,0.0,0.0,-686.91357,-759.285614,-550.044667
P1b,16,B,10,0,0,plain-older,2201.32859,2017.200292,2680.146642,0.0,0.0,0.0,1553.404793,1370.354089,1839.104453,1647.503396,1445.059142,2002.684914,1969.737667,1698.993151,2294.685989,377.485676,331.781482,482.415618,744.510805,636.385533,864.990255,0.0,0.0,0.0,466.867141,315.1663,572.105626,709.606632,619.044667,823.283445,0.588236,0.496062,0.648512,13475.676013,12310.950075,15339.018818,6171.938514,4808.361996,7698.539091,0.585847,0.492854,0.641931,22.0,19.0,26.55,49.0,43.0,60.55,5.0,3.45,10.55,2.0,2.0,2.0,2.0,2.0,2.0,25.0,23.45,30.55,16.0,16.0,16.0,16.0,16.0,16.0,16.0,16.0,16.0,28328.613313,25154.957907,34589.873454,7915.697973,6679.523376,10041.417794,0.037671,0.030621,0.048072,0.209362,0.180358,0.244738,25.0,23.45,30.55,2.0,2.0,2.0,16.5,10.45,18.0,0.0,0.0,0.0,0.0,0.0,0.0,0.0,0.0,0.0,0.0,0.0,0.0,0.0,0.0,0.0,20.0,20.0,20.0,1553.404793,1370.354089,1839.104453,0.0,0.0,0.0,0.0,0.0,0.0,0.0,0.0,0.0,0.0,0.0,0.0,32.0,32.0,32.0,20.0,20.0,20.0,0.0,0.0,0.0,0.0,0.0,0.0,-686.91357,-759.285614,-550.044667,-65.370364,-76.621739,-59.102005,0.0,0.0,0.0,0.0,0.0,0.0,32.249746,7.672945,92.849672,25.19315,1.200377,114.114993,0.0,0.0,0.0,0.0,-0.0,0.0,0.0,0.0,0.0,0.0,0.0,0.0,0.0,-0.0,0.0,0.0,-0.0,0.0,0.0,0.0,0.0,0.0,0.0,0.0,0.0,0.0,0.0,0.0,0.0,0.0,0.0,0.0,0.0,0.0,0.0,0.0,0.0,0.0,0.0,0.0,0.0,0.0,0.0,0.0,0.0,0.0,0.0,0.0,0.0,-0.0,0.0,403.0904,19.206027,1825.839893,0.0,-0.0,0.0,0.0,-0.0,0.0,0.0,0.0,0.0,1.0,1.0,1.0,0.0,-1.0,0.0,0.0,0.0,0.0,0.0,0.0,0.0,0.0,0.0,0.0,0.0,0.0,0.0,0.0,0.0,0.0,0.0,0.0,0.0,-65.370364,-76.621739,-59.102005,0.0,0.0,0.0,0.0,0.0,0.0,0.0,0.0,0.0,0.0,0.0,0.0,0.0,0.0,0.0,0.0,0.0,0.0,-686.91357,-759.285614,-550.044667
P1d,16,B,10,0,0,plain-older,2251.840146,2029.245378,2713.146642,0.0,0.0,0.0,341.084768,205.712934,514.924417,325.628592,195.830193,550.930435,673.184621,457.248722,976.975668,1013.397922,733.202678,1418.639837,1687.423368,1416.453731,2211.559685,0.0,0.0,0.0,246.96906,15.416719,450.15281,760.0,629.869114,880.0,0.466748,0.354824,0.558435,11161.558599,7242.779029,14191.531098,7858.327775,6487.087038,12417.913388,0.585536,0.486662,0.654814,22.0,19.45,25.55,50.0,42.45,57.65,5.0,2.45,10.55,2.0,1.45,2.0,2.0,1.45,2.0,25.0,22.45,30.55,13.0,9.225,15.275,13.0,9.225,15.275,16.0,16.0,16.0,25341.79721,20077.063566,34561.881628,19659.172451,14309.940135,25629.932676,0.036783,0.031474,0.04861,0.259589,0.203862,0.410929,25.0,22.45,30.55,2.0,2.0,2.0,0.0,0.0,0.0,0.0,0.0,0.0,0.0,0.0,0.0,0.0,0.0,0.0,0.0,0.0,0.0,0.0,0.0,0.0,20.0,20.0,20.0,341.084768,205.712934,514.924417,0.0,0.0,0.0,0.0,0.0,0.0,0.0,0.0,0.0,0.0,0.0,0.0,32.0,32.0,32.0,20.0,20.0,20.0,0.0,0.0,0.0,0.0,-205.402713,125.175001,-686.91357,-759.285614,-550.044667,-1274.086175,-1491.732553,-1153.008659,-1307.407281,-1532.434786,-1182.040104,-1307.407281,-1532.434786,-1182.040104,667.096915,400.406643,1069.068081,1010.20925,654.735216,1464.171815,0.0,0.0,0.0,-200.413723,-492.94215,-32.725,19.609881,-51.681959,170.212614,-0.080379,-0.237216,-0.032768,-2084.989589,-6266.846521,-159.360981,1561.153411,-411.440099,7009.910391,0.0,-0.029054,0.020712,0.0,-2.55,2.0,0.0,-7.1,5.55,0.0,-2.0,1.0,0.0,-0.55,0.0,0.0,-0.55,0.0,0.0,-2.0,1.0,-3.0,-6.775,-0.725,-3.0,-6.775,-0.725,0.0,0.0,0.0,-2323.609272,-5771.722904,-69.36834,12140.515772,6681.525182,18842.786587,-0.0,-0.002273,0.002982,0.044146,-0.001082,0.195543,0.0,-2.0,1.0,1.0,1.0,1.0,-16.5,-19.0,-10.45,0.0,0.0,0.0,0.0,0.0,0.0,0.0,0.0,0.0,0.0,0.0,0.0,0.0,0.0,0.0,0.0,0.0,0.0,-1274.086175,-1491.732553,-1153.008659,0.0,0.0,0.0,0.0,0.0,0.0,0.0,0.0,0.0,0.0,0.0,0.0,0.0,0.0,0.0,0.0,0.0,0.0,-686.91357,-759.285614,-550.044667
P0,16,B,20,0,0,plain-older,3227.475491,2821.939904,3742.958911,1144.929581,980.390119,1270.2868,2568.903483,2236.662357,2843.008057,2631.213912,2262.462594,2955.684914,2926.954015,2540.451255,3226.538325,581.668646,504.627136,653.479559,1163.337291,1009.254272,1306.959118,0.0,0.0,0.0,790.203884,526.815659,935.653318,1202.612714,1100.390119,1327.544667,0.704999,0.620148,0.756329,22152.017207,20304.599422,24683.289264,12191.143861,9922.883044,14821.443842,0.704651,0.617839,0.752181,24.0,20.45,27.55,53.0,45.45,61.55,6.0,3.45,11.55,2.0,2.0,2.0,2.0,2.0,2.0,26.0,23.45,31.55,16.0,16.0,16.0,16.0,16.0,16.0,16.0,16.0,16.0,38002.966758,33356.981224,43960.966574,11658.111332,10286.110892,13870.53421,0.025821,0.022203,0.033808,0.267106,0.231465,0.29112,26.0,23.45,31.55,1.0,1.0,1.0,19.0,19.0,19.0,0.0,0.0,0.0,0.0,0.0,0.0,0.0,0.0,0.0,0.0,0.0,0.0,0.0,0.0,0.0,20.0,20.0,20.0,2568.903483,2236.662357,2843.008057,0.0,0.0,0.0,0.0,0.0,0.0,0.0,0.0,0.0,0.0,0.0,0.0,32.0,32.0,32.0,20.0,20.0,20.0,1144.929581,980.390119,1270.2868,0.0,0.0,0.0,0.0,0.0,0.0,0.0,0.0,0.0,0.0,0.0,0.0,0.0,0.0,0.0,0.0,0.0,0.0,0.0,0.0,0.0,0.0,0.0,0.0,0.0,0.0,0.0,0.0,0.0,0.0,0.0,0.0,0.0,0.0,0.0,0.0,0.0,0.0,0.0,0.0,0.0,0.0,0.0,0.0,0.0,0.0,0.0,0.0,0.0,0.0,0.0,0.0,0.0,0.0,0.0,0.0,0.0,0.0,0.0,0.0,0.0,0.0,0.0,0.0,0.0,0.0,0.0,0.0,0.0,0.0,0.0,0.0,0.0,0.0,0.0,0.0,0.0,0.0,0.0,0.0,0.0,0.0,0.0,0.0,0.0,0.0,0.0,0.0,0.0,0.0,0.0,0.0,0.0,0.0,0.0,0.0,0.0,0.0,0.0,0.0,0.0,0.0,0.0,0.0,0.0,0.0,0.0,0.0,0.0,0.0,0.0,0.0,0.0,0.0,0.0,0.0,0.0,0.0,0.0,0.0,0.0,0.0,0.0,0.0,0.0,0.0,0.0,0.0,0.0,0.0,0.0,0.0
P1a,16,B,20,0,0,plain-older,3227.475491,2821.939904,3742.958911,0.0,0.0,0.0,2456.715426,2136.331614,2720.954453,2631.213912,2262.462594,2955.684914,2926.954015,2540.451255,3226.538325,602.050391,540.797646,737.817566,1180.191691,1034.06417,1378.566262,0.0,0.0,0.0,790.203884,526.815659,935.653318,1202.612714,1100.390119,1327.544667,0.704999,0.620148,0.756329,22152.017207,20304.599422,24683.289264,12191.143861,9922.883044,14821.443842,0.704651,0.617839,0.752181,24.0,20.45,27.55,53.0,45.45,61.55,6.0,3.45,11.55,2.0,2.0,2.0,2.0,2.0,2.0,26.0,23.45,31.55,16.0,16.0,16.0,16.0,16.0,16.0,16.0,16.0,16.0,38002.966758,33356.981224,43960.966574,12503.34322,10481.280707,15178.836486,0.025821,0.022203,0.033808,0.267106,0.231465,0.29112,26.0,23.45,31.55,2.0,2.0,2.0,18.0,18.0,18.0,0.0,0.0,0.0,0.0,0.0,0.0,0.0,0.0,0.0,0.0,0.0,0.0,0.0,0.0,0.0,20.0,20.0,20.0,2456.715426,2136.331614,2720.954453,0.0,0.0,0.0,0.0,0.0,0.0,0.0,0.0,0.0,0.0,0.0,0.0,32.0,32.0,32.0,20.0,20.0,20.0,0.0,0.0,0.0,0.0,0.0,0.0,-1144.929581,-1270.2868,-980.390119,-111.990916,-124.565191,-100.764029,0.0,0.0,0.0,0.0,0.0,0.0,32.249746,7.672945,92.849672,25.19315,1.200377,114.114993,0.0,0.0,0.0,0.0,0.0,0.0,0.0,-0.0,0.0,0.0,0.0,0.0,0.0,0.0,0.0,0.0,0.0,0.0,0.0,0.0,0.0,0.0,0.0,0.0,0.0,0.0,0.0,0.0,0.0,0.0,0.0,0.0,0.0,0.0,0.0,0.0,0.0,0.0,0.0,0.0,0.0,0.0,0.0,0.0,0.0,0.0,0.0,0.0,0.0,0.0,0.0,403.0904,19.206027,1825.839893,0.0,-0.0,0.0,0.0,0.0,0.0,0.0,0.0,0.0,1.0,1.0,1.0,-1.0,-1.0,-1.0,0.0,0.0,0.0,0.0,0.0,0.0,0.0,0.0,0.0,0.0,0.0,0.0,0.0,0.0,0.0,0.0,0.0,0.0,-111.990916,-124.565191,-100.764029,0.0,0.0,0.0,0.0,0.0,0.0,0.0,0.0,0.0,0.0,0.0,0.0,0.0,0.0,0.0,0.0,0.0,0.0,-1144.929581,-1270.2868,-980.390119
P1b,16,B,20,0,0,plain-older,3227.475491,2821.939904,3742.958911,0.0,0.0,0.0,2456.715426,2136.331614,2720.954453,2631.213912,2262.462594,2955.684914,2926.954015,2540.451255,3226.538325,602.050391,540.797646,737.817566,1180.191691,1034.06417,1378.566262,0.0,0.0,0.0,790.203884,526.815659,935.653318,1202.612714,1100.390119,1327.544667,0.704999,0.620148,0.756329,22152.017207,20304.599422,24683.289264,12191.143861,9922.883044,14821.443842,0.704651,0.617839,0.752181,24.0,20.45,27.55,53.0,45.45,61.55,6.0,3.45,11.55,2.0,2.0,2.0,2.0,2.0,2.0,26.0,23.45,31.55,16.0,16.0,16.0,16.0,16.0,16.0,16.0,16.0,16.0,38002.966758,33356.981224,43960.966574,12503.34322,10481.280707,15178.836486,0.025821,0.022203,0.033808,0.267106,0.231465,0.29112,26.0,23.45,31.55,2.0,2.0,2.0,18.0,18.0,18.0,0.0,0.0,0.0,0.0,0.0,0.0,0.0,0.0,0.0,0.0,0.0,0.0,0.0,0.0,0.0,20.0,20.0,20.0,2456.715426,2136.331614,2720.954453,0.0,0.0,0.0,0.0,0.0,0.0,0.0,0.0,0.0,0.0,0.0,0.0,32.0,32.0,32.0,20.0,20.0,20.0,0.0,0.0,0.0,0.0,0.0,0.0,-1144.929581,-1270.2868,-980.390119,-111.990916,-124.565191,-100.764029,0.0,0.0,0.0,0.0,0.0,0.0,32.249746,7.672945,92.849672,25.19315,1.200377,114.114993,0.0,0.0,0.0,0.0,0.0,0.0,0.0,-0.0,0.0,0.0,0.0,0.0,0.0,0.0,0.0,0.0,0.0,0.0,0.0,0.0,0.0,0.0,0.0,0.0,0.0,0.0,0.0,0.0,0.0,0.0,0.0,0.0,0.0,0.0,0.0,0.0,0.0,0.0,0.0,0.0,0.0,0.0,0.0,0.0,0.0,0.0,0.0,0.0,0.0,0.0,0.0,403.0904,19.206027,1825.839893,0.0,-0.0,0.0,0.0,0.0,0.0,0.0,0.0,0.0,1.0,1.0,1.0,-1.0,-1.0,-1.0,0.0,0.0,0.0,0.0,0.0,0.0,0.0,0.0,0.0,0.0,0.0,0.0,0.0,0.0,0.0,0.0,0.0,0.0,-111.990916,-124.565191,-100.764029,0.0,0.0,0.0,0.0,0.0,0.0,0.0,0.0,0.0,0.0,0.0,0.0,0.0,0.0,0.0,0.0,0.0,0.0,-1144.929581,-1270.2868,-980.390119
P1d,16,B,20,0,0,plain-older,3239.416695,2862.384309,3742.958911,0.0,0.0,0.0,341.084768,205.712934,514.924417,325.628592,195.830193,550.930435,673.184621,457.248722,976.975668,1248.433256,861.910559,1651.411466,2281.364845,1607.153785,2871.075382,0.0,0.0,0.0,455.589248,20.912979,757.3,1250.0,1029.0,1386.5,0.585417,0.406629,0.686234,19728.191236,11608.306277,23869.901469,14721.055912,12566.978307,22605.226747,0.70622,0.622212,0.760243,24.0,20.45,28.0,54.0,46.0,61.55,5.5,3.45,11.55,2.0,1.45,2.0,2.0,1.45,2.0,25.5,23.45,31.55,13.75,9.175,15.275,13.75,9.175,15.275,16.0,16.0,16.0,35419.843596,26068.567724,43847.474748,24073.810188,18862.248421,30245.432676,0.025702,0.022321,0.033611,0.304693,0.260107,0.48689,25.5,23.45,31.55,2.0,2.0,2.0,0.0,0.0,0.0,0.0,0.0,0.0,0.0,0.0,0.0,0.0,0.0,0.0,0.0,0.0,0.0,0.0,0.0,0.0,20.0,20.0,20.0,341.084768,205.712934,514.924417,0.0,0.0,0.0,0.0,0.0,0.0,0.0,0.0,0.0,0.0,0.0,0.0,32.0,32.0,32.0,20.0,20.0,20.0,0.0,0.0,0.0,0.0,-201.999355,126.861066,-1144.929581,-1270.2868,-980.390119,-2180.610174,-2427.758142,-1968.655826,-2239.818319,-2491.303827,-2015.280574,-2239.818319,-2491.303827,-2015.280574,645.910359,301.833679,1068.771206,1124.817925,445.204304,1709.379856,0.0,0.0,0.0,-254.887256,-869.162925,-24.901211,29.014837,-95.914332,182.609881,-0.080569,-0.324215,-0.032839,-2446.917493,-10954.788641,49.909157,1801.428565,-54.37144,11319.294997,0.0,-0.018753,0.015826,0.0,-2.0,1.55,0.0,-5.55,3.55,0.0,-1.0,0.55,0.0,-0.55,0.0,0.0,-0.55,0.0,0.0,-1.0,0.55,-2.25,-6.825,-0.725,-2.25,-6.825,-0.725,0.0,0.0,0.0,-2478.963227,-9967.123068,183.319043,12051.7968,6663.00032,19441.286587,0.0,-0.00139,0.001371,0.036931,-0.001175,0.215364,0.0,-1.0,0.55,1.0,1.0,1.0,-19.0,-19.0,-19.0,0.0,0.0,0.0,0.0,0.0,0.0,0.0,0.0,0.0,0.0,0.0,0.0,0.0,0.0,0.0,0.0,0.0,0.0,-2180.610174,-2427.758142,-1968.655826,0.0,0.0,0.0,0.0,0.0,0.0,0.0,0.0,0.0,0.0,0.0,0.0,0.0,0.0,0.0,0.0,0.0,0.0,-1144.929581,-1270.2868,-980.390119
P0,16,B,5,0,0,plain-younger,1762.60955,1399.445803,2113.280612,425.390119,274.579226,515.681959,1176.16651,968.309849,1445.454943,1191.49246,933.002769,1521.1943,1535.73752,1273.725927,1826.381662,229.565372,148.343004,295.122455,459.130744,296.686009,590.244909,0.0,0.0,0.0,295.256658,204.849182,370.790818,477.219079,389.685663,573.098284,0.491578,0.389912,0.552278,8911.447097,7341.29808,10553.482178,3096.976016,1876.440738,4677.03766,0.484109,0.382519,0.538964,20.0,15.45,24.0,45.0,32.9,57.0,5.0,1.45,9.0,2.0,2.0,2.0,2.0,2.0,2.0,25.0,21.45,29.0,16.0,16.0,16.0,16.0,16.0,16.0,16.0,16.0,16.0,23773.308956,18910.147588,28621.527236,5041.65221,3666.090055,6676.42779,0.049485,0.038166,0.06361,0.163639,0.115438,0.194181,25.0,21.45,29.0,1.0,1.0,1.0,4.0,0.0,11.65,0.0,0.0,0.0,0.0,0.0,0.0,0.0,0.0,0.0,0.0,0.0,0.0,0.0,0.0,0.0,20.0,20.0,20.0,1176.16651,968.309849,1445.454943,0.0,0.0,0.0,0.0,0.0,0.0,0.0,0.0,0.0,0.0,0.0,0.0,32.0,32.0,32.0,20.0,20.0,20.0,425.390119,274.579226,515.681959,0.0,0.0,0.0,0.0,0.0,0.0,0.0,0.0,0.0,0.0,0.0,0.0,0.0,0.0,0.0,0.0,0.0,0.0,0.0,0.0,0.0,0.0,0.0,0.0,0.0,0.0,0.0,0.0,0.0,0.0,0.0,0.0,0.0,0.0,0.0,0.0,0.0,0.0,0.0,0.0,0.0,0.0,0.0,0.0,0.0,0.0,0.0,0.0,0.0,0.0,0.0,0.0,0.0,0.0,0.0,0.0,0.0,0.0,0.0,0.0,0.0,0.0,0.0,0.0,0.0,0.0,0.0,0.0,0.0,0.0,0.0,0.0,0.0,0.0,0.0,0.0,0.0,0.0,0.0,0.0,0.0,0.0,0.0,0.0,0.0,0.0,0.0,0.0,0.0,0.0,0.0,0.0,0.0,0.0,0.0,0.0,0.0,0.0,0.0,0.0,0.0,0.0,0.0,0.0,0.0,0.0,0.0,0.0,0.0,0.0,0.0,0.0,0.0,0.0,0.0,0.0,0.0,0.0,0.0,0.0,0.0,0.0,0.0,0.0,0.0,0.0,0.0,0.0,0.0,0.0,0.0,0.0
P1a,16,B,5,0,0,plain-younger,1762.60955,1399.445803,2113.280612,0.0,0.0,0.0,1133.042521,931.46923,1395.12587,1191.49246,933.002769,1521.1943,1535.73752,1273.725927,1826.381662,261.540956,175.345806,377.173177,509.422389,317.779148,653.23906,0.0,0.0,0.0,295.256658,204.849182,370.790818,477.219079,389.685663,573.098284,0.491578,0.389912,0.552278,8911.447097,7341.29808,10553.482178,3096.976016,1876.440738,4677.03766,0.484109,0.382519,0.538964,20.0,15.45,24.0,45.0,32.9,57.0,5.0,1.45,9.0,2.0,2.0,2.0,2.0,2.0,2.0,25.0,21.45,29.0,16.0,16.0,16.0,16.0,16.0,16.0,16.0,16.0,16.0,23773.308956,18910.147588,28621.527236,5548.767378,4160.20937,7785.72435,0.049485,0.038166,0.06361,0.163639,0.115438,0.194181,25.0,21.45,29.0,2.0,2.0,2.0,4.0,0.0,11.65,0.0,0.0,0.0,0.0,0.0,0.0,0.0,0.0,0.0,0.0,0.0,0.0,0.0,0.0,0.0,20.0,20.0,20.0,1133.042521,931.46923,1395.12587,0.0,0.0,0.0,0.0,0.0,0.0,0.0,0.0,0.0,0.0,0.0,0.0,32.0,32.0,32.0,20.0,20.0,20.0,0.0,0.0,0.0,0.0,0.0,0.0,-425.390119,-515.681959,-274.579226,-42.6746,-51.210857,-33.470607,0.0,0.0,0.0,0.0,0.0,0.0,32.249746,7.672945,92.849672,25.19315,1.200377,114.114993,0.0,0.0,0.0,0.0,0.0,0.0,0.0,0.0,0.0,0.0,0.0,0.0,0.0,-0.0,0.0,0.0,0.0,0.0,0.0,0.0,0.0,0.0,0.0,0.0,0.0,0.0,0.0,0.0,0.0,0.0,0.0,0.0,0.0,0.0,0.0,0.0,0.0,0.0,0.0,0.0,0.0,0.0,0.0,0.0,0.0,0.0,0.0,0.0,0.0,0.0,0.0,403.0904,19.206027,1825.839893,0.0,-0.0,0.0,0.0,0.0,0.0,0.0,0.0,0.0,1.0,1.0,1.0,0.0,0.0,0.0,0.0,0.0,0.0,0.0,0.0,0.0,0.0,0.0,0.0,0.0,0.0,0.0,0.0,0.0,0.0,0.0,0.0,0.0,-42.6746,-51.210857,-33.470607,0.0,0.0,0.0,0.0,0.0,0.0,0.0,0.0,0.0,0.0,0.0,0.0,0.0,0.0,0.0,0.0,0.0,0.0,-425.390119,-515.681959,-274.579226
P1b,16,B,5,0,0,plain-younger,1762.60955,1399.445803,2113.280612,425.390119,274.579226,515.681959,1176.16651,968.309849,1445.454943,1191.49246,933.002769,1521.1943,1535.73752,1273.725927,1826.381662,229.565372,148.343004,295.122455,459.130744,296.686009,590.244909,0.0,0.0,0.0,295.256658,204.849182,370.790818,477.219079,389.685663,573.098284,0.491578,0.389912,0.552278,8911.447097,7341.29808,10553.482178,3096.976016,1876.440738,4677.03766,0.484109,0.382519,0.538964,20.0,15.45,24.0,45.0,32.9,57.0,5.0,1.45,9.0,2.0,2.0,2.0,2.0,2.0,2.0,25.0,21.45,29.0,16.0,16.0,16.0,16.0,16.0,16.0,16.0,16.0,16.0,23773.308956,18910.147588,28621.527236,5041.65221,3666.090055,6676.42779,0.049485,0.038166,0.06361,0.163639,0.115438,0.194181,25.0,21.45,29.0,1.0,1.0,1.0,4.0,0.0,11.65,0.0,0.0,0.0,0.0,0.0,0.0,0.0,0.0,0.0,0.0,0.0,0.0,0.0,0.0,0.0,20.0,20.0,20.0,1176.16651,968.309849,1445.454943,0.0,0.0,0.0,0.0,0.0,0.0,0.0,0.0,0.0,0.0,0.0,0.0,32.0,32.0,32.0,20.0,20.0,20.0,425.390119,274.579226,515.681959,0.0,0.0,0.0,0.0,0.0,0.0,0.0,0.0,0.0,0.0,0.0,0.0,0.0,0.0,0.0,0.0,0.0,0.0,0.0,0.0,0.0,0.0,0.0,0.0,0.0,0.0,0.0,0.0,0.0,0.0,0.0,0.0,0.0,0.0,0.0,0.0,0.0,0.0,0.0,0.0,0.0,0.0,0.0,0.0,0.0,0.0,0.0,0.0,0.0,0.0,0.0,0.0,0.0,0.0,0.0,0.0,0.0,0.0,0.0,0.0,0.0,0.0,0.0,0.0,0.0,0.0,0.0,0.0,0.0,0.0,0.0,0.0,0.0,0.0,0.0,0.0,0.0,0.0,0.0,0.0,0.0,0.0,0.0,0.0,0.0,0.0,0.0,0.0,0.0,0.0,0.0,0.0,0.0,0.0,0.0,0.0,0.0,0.0,0.0,0.0,0.0,0.0,0.0,0.0,0.0,0.0,0.0,0.0,0.0,0.0,0.0,0.0,0.0,0.0,0.0,0.0,0.0,0.0,0.0,0.0,0.0,0.0,0.0,0.0,0.0,0.0,0.0,0.0,0.0,0.0,0.0,0.0
P1d,16,B,5,0,0,plain-younger,1775.880702,1511.072316,2090.610941,713.840314,560.128897,939.778946,1193.409537,1064.043497,1462.277219,1192.748748,1029.230443,1488.705922,1549.791852,1364.17075,1793.256356,175.861511,78.637054,257.669762,722.758216,361.024495,969.813929,0.0,0.0,0.0,104.457985,36.102439,224.560828,515.0,446.75,613.25,0.370546,0.311983,0.461406,6559.723539,5426.57229,9507.465616,5322.922764,4030.911557,8363.486113,0.473235,0.378421,0.533935,20.0,16.0,23.0,44.5,37.0,53.0,4.0,2.45,8.55,2.0,2.0,2.0,2.0,2.0,2.0,24.0,22.45,28.55,11.75,8.725,13.775,11.75,8.725,13.775,16.0,16.0,16.0,21111.986658,17307.973528,27591.140434,5515.644491,4252.065314,7182.661602,0.047289,0.039075,0.063297,0.241306,0.164141,0.324599,24.0,22.45,28.55,1.0,1.0,1.0,4.0,0.0,10.65,0.0,0.0,0.0,0.0,0.0,0.0,0.0,0.0,0.0,0.0,0.0,0.0,0.0,0.0,0.0,20.0,20.0,20.0,1193.409537,1064.043497,1462.277219,0.0,0.0,0.0,0.0,0.0,0.0,0.0,0.0,0.0,0.0,0.0,0.0,32.0,32.0,32.0,20.0,20.0,20.0,515.0,446.75,613.25,5.042149,-138.016984,176.653764,302.5,88.75,505.75,26.413796,-82.241411,191.700777,9.191542,-92.793591,175.145554,9.191542,-92.793591,175.145554,-53.660135,-136.399597,8.943162,267.5,-73.357094,440.120794,0.0,0.0,0.0,-172.731731,-264.415119,-59.218274,32.639226,-31.044667,162.248327,-0.094808,-0.179337,-0.041194,-2174.769203,-3667.108821,-353.756827,2046.662307,-16.006309,5021.934755,-0.009179,-0.06022,0.041056,-1.0,-3.55,4.0,-2.0,-8.55,9.1,0.0,-2.0,1.0,0.0,0.0,0.0,0.0,0.0,0.0,0.0,-2.0,1.0,-4.25,-7.275,-2.225,-4.25,-7.275,-2.225,0.0,0.0,0.0,-2414.728947,-3743.170158,66.690012,627.160682,-663.069689,1935.520507,-0.000152,-0.005947,0.003216,0.069655,0.006018,0.168488,0.0,-2.0,1.0,0.0,0.0,0.0,0.0,-3.55,2.0,0.0,0.0,0.0,0.0,0.0,0.0,0.0,0.0,0.0,0.0,0.0,0.0,0.0,0.0,0.0,0.0,0.0,0.0,26.413796,-82.241411,191.700777,0.0,0.0,0.0,0.0,0.0,0.0,0.0,0.0,0.0,0.0,0.0,0.0,0.0,0.0,0.0,0.0,0.0,0.0,110.837109,-9.170737,216.525342
P0,16,B,10,0,0,plain-younger,2201.32859,2017.200292,2680.146642,686.91357,550.044667,759.285614,1618.76418,1431.926879,1913.508057,1647.503396,1445.059142,2002.684914,1969.737667,1698.993151,2294.685989,356.345593,305.875379,402.587986,712.691186,611.750759,805.175972,0.0,0.0,0.0,466.867141,315.1663,572.105626,709.606632,619.044667,823.283445,0.588236,0.496062,0.648512,13475.676013,12310.950075,15339.018818,6171.938514,4808.361996,7698.539091,0.585847,0.492854,0.641931,22.0,19.0,26.55,49.0,43.0,60.55,5.0,3.45,10.55,2.0,2.0,2.0,2.0,2.0,2.0,25.0,23.45,30.55,16.0,16.0,16.0,16.0,16.0,16.0,16.0,16.0,16.0,28328.613313,25154.957907,34589.873454,7279.07404,6422.730388,8880.386939,0.037671,0.030621,0.048072,0.209362,0.180358,0.244738,25.0,23.45,30.55,1.0,1.0,1.0,16.5,10.45,19.0,0.0,0.0,0.0,0.0,0.0,0.0,0.0,0.0,0.0,0.0,0.0,0.0,0.0,0.0,0.0,20.0,20.0,20.0,1618.76418,1431.926879,1913.508057,0.0,0.0,0.0,0.0,0.0,0.0,0.0,0.0,0.0,0.0,0.0,0.0,32.0,32.0,32.0,20.0,20.0,20.0,686.91357,550.044667,759.285614,0.0,0.0,0.0,0.0,0.0,0.0,0.0,0.0,0.0,0.0,0.0,0.0,0.0,0.0,0.0,0.0,0.0,0.0,0.0,0.0,0.0,0.0,0.0,0.0,0.0,0.0,0.0,0.0,0.0,0.0,0.0,0.0,0.0,0.0,0.0,0.0,0.0,0.0,0.0,0.0,0.0,0.0,0.0,0.0,0.0,0.0,0.0,0.0,0.0,0.0,0.0,0.0,0.0,0.0,0.0,0.0,0.0,0.0,0.0,0.0,0.0,0.0,0.0,0.0,0.0,0.0,0.0,0.0,0.0,0.0,0.0,0.0,0.0,0.0,0.0,0.0,0.0,0.0,0.0,0.0,0.0,0.0,0.0,0.0,0.0,0.0,0.0,0.0,0.0,0.0,0.0,0.0,0.0,0.0,0.0,0.0,0.0,0.0,0.0,0.0,0.0,0.0,0.0,0.0,0.0,0.0,0.0,0.0,0.0,0.0,0.0,0.0,0.0,0.0,0.0,0.0,0.0,0.0,0.0,0.0,0.0,0.0,0.0,0.0,0.0,0.0,0.0,0.0,0.0,0.0,0.0,0.0
P1a,16,B,10,0,0,plain-younger,2201.32859,2017.200292,2680.146642,0.0,0.0,0.0,1553.404793,1370.354089,1839.104453,1647.503396,1445.059142,2002.684914,1969.737667,1698.993151,2294.685989,377.485676,331.781482,482.415618,744.510805,636.385533,864.990255,0.0,0.0,0.0,466.867141,315.1663,572.105626,709.606632,619.044667,823.283445,0.588236,0.496062,0.648512,13475.676013,12310.950075,15339.018818,6171.938514,4808.361996,7698.539091,0.585847,0.492854,0.641931,22.0,19.0,26.55,49.0,43.0,60.55,5.0,3.45,10.55,2.0,2.0,2.0,2.0,2.0,2.0,25.0,23.45,30.55,16.0,16.0,16.0,16.0,16.0,16.0,16.0,16.0,16.0,28328.613313,25154.957907,34589.873454,7915.697973,6679.523376,10041.417794,0.037671,0.030621,0.048072,0.209362,0.180358,0.244738,25.0,23.45,30.55,2.0,2.0,2.0,16.5,10.45,18.0,0.0,0.0,0.0,0.0,0.0,0.0,0.0,0.0,0.0,0.0,0.0,0.0,0.0,0.0,0.0,20.0,20.0,20.0,1553.404793,1370.354089,1839.104453,0.0,0.0,0.0,0.0,0.0,0.0,0.0,0.0,0.0,0.0,0.0,0.0,32.0,32.0,32.0,20.0,20.0,20.0,0.0,0.0,0.0,0.0,0.0,0.0,-686.91357,-759.285614,-550.044667,-65.370364,-76.621739,-59.102005,0.0,0.0,0.0,0.0,0.0,0.0,32.249746,7.672945,92.849672,25.19315,1.200377,114.114993,0.0,0.0,0.0,0.0,-0.0,0.0,0.0,0.0,0.0,0.0,0.0,0.0,0.0,-0.0,0.0,0.0,-0.0,0.0,0.0,0.0,0.0,0.0,0.0,0.0,0.0,0.0,0.0,0.0,0.0,0.0,0.0,0.0,0.0,0.0,0.0,0.0,0.0,0.0,0.0,0.0,0.0,0.0,0.0,0.0,0.0,0.0,0.0,0.0,0.0,-0.0,0.0,403.0904,19.206027,1825.839893,0.0,-0.0,0.0,0.0,-0.0,0.0,0.0,0.0,0.0,1.0,1.0,1.0,0.0,-1.0,0.0,0.0,0.0,0.0,0.0,0.0,0.0,0.0,0.0,0.0,0.0,0.0,0.0,0.0,0.0,0.0,0.0,0.0,0.0,-65.370364,-76.621739,-59.102005,0.0,0.0,0.0,0.0,0.0,0.0,0.0,0.0,0.0,0.0,0.0,0.0,0.0,0.0,0.0,0.0,0.0,0.0,-686.91357,-759.285614,-550.044667
P1b,16,B,10,0,0,plain-younger,2201.32859,2017.200292,2680.146642,686.91357,550.044667,759.285614,1618.76418,1431.926879,1913.508057,1647.503396,1445.059142,2002.684914,1969.737667,1698.993151,2294.685989,356.345593,305.875379,402.587986,712.691186,611.750759,805.175972,0.0,0.0,0.0,466.867141,315.1663,572.105626,709.606632,619.044667,823.283445,0.588236,0.496062,0.648512,13475.676013,12310.950075,15339.018818,6171.938514,4808.361996,7698.539091,0.585847,0.492854,0.641931,22.0,19.0,26.55,49.0,43.0,60.55,5.0,3.45,10.55,2.0,2.0,2.0,2.0,2.0,2.0,25.0,23.45,30.55,16.0,16.0,16.0,16.0,16.0,16.0,16.0,16.0,16.0,28328.613313,25154.957907,34589.873454,7279.07404,6422.730388,8880.386939,0.037671,0.030621,0.048072,0.209362,0.180358,0.244738,25.0,23.45,30.55,1.0,1.0,1.0,16.5,10.45,19.0,0.0,0.0,0.0,0.0,0.0,0.0,0.0,0.0,0.0,0.0,0.0,0.0,0.0,0.0,0.0,20.0,20.0,20.0,1618.76418,1431.926879,1913.508057,0.0,0.0,0.0,0.0,0.0,0.0,0.0,0.0,0.0,0.0,0.0,0.0,32.0,32.0,32.0,20.0,20.0,20.0,686.91357,550.044667,759.285614,0.0,0.0,0.0,0.0,0.0,0.0,0.0,0.0,0.0,0.0,0.0,0.0,0.0,0.0,0.0,0.0,0.0,0.0,0.0,0.0,0.0,0.0,0.0,0.0,0.0,0.0,0.0,0.0,0.0,0.0,0.0,0.0,0.0,0.0,0.0,0.0,0.0,0.0,0.0,0.0,0.0,0.0,0.0,0.0,0.0,0.0,0.0,0.0,0.0,0.0,0.0,0.0,0.0,0.0,0.0,0.0,0.0,0.0,0.0,0.0,0.0,0.0,0.0,0.0,0.0,0.0,0.0,0.0,0.0,0.0,0.0,0.0,0.0,0.0,0.0,0.0,0.0,0.0,0.0,0.0,0.0,0.0,0.0,0.0,0.0,0.0,0.0,0.0,0.0,0.0,0.0,0.0,0.0,0.0,0.0,0.0,0.0,0.0,0.0,0.0,0.0,0.0,0.0,0.0,0.0,0.0,0.0,0.0,0.0,0.0,0.0,0.0,0.0,0.0,0.0,0.0,0.0,0.0,0.0,0.0,0.0,0.0,0.0,0.0,0.0,0.0,0.0,0.0,0.0,0.0,0.0,0.0
P1d,16,B,10,0,0,plain-younger,2251.840146,2029.245378,2713.146642,965.985163,790.628897,1360.807839,1643.238255,1501.851552,1909.546925,1670.72622,1498.952577,1964.962669,1985.929719,1789.864131,2307.31887,300.622298,168.154534,385.635924,992.72788,756.492725,1421.063929,0.0,0.0,0.0,246.96906,47.47714,450.15281,770.0,629.869114,880.0,0.469612,0.368841,0.558435,11161.558599,7606.498172,14191.531098,7858.327775,6487.087038,12417.913388,0.585536,0.486662,0.654814,22.0,19.45,25.55,50.0,42.45,57.65,5.0,2.45,10.55,2.0,2.0,2.0,2.0,2.0,2.0,25.0,22.45,30.55,13.0,9.225,15.275,13.0,9.225,15.275,16.0,16.0,16.0,25341.79721,20077.063566,34561.881628,7822.195245,5912.732215,9705.226219,0.036783,0.031474,0.04861,0.259589,0.203862,0.410929,25.0,22.45,30.55,1.0,1.0,1.0,17.0,12.0,19.0,0.0,0.0,0.0,0.0,0.0,0.0,0.0,0.0,0.0,0.0,0.0,0.0,0.0,0.0,0.0,20.0,20.0,20.0,1643.238255,1501.851552,1909.546925,0.0,0.0,0.0,0.0,0.0,0.0,0.0,0.0,0.0,0.0,0.0,0.0,32.0,32.0,32.0,20.0,20.0,20.0,770.0,629.0,880.0,0.0,-205.402713,125.175001,340.0,79.0,726.0,15.75,-123.125612,155.545816,0.0,-138.684854,122.679806,0.0,-138.684854,122.679806,-31.863236,-173.915013,7.891839,294.558592,53.5,596.5,0.0,0.0,0.0,-200.413723,-465.310071,-32.725,19.609881,-51.681959,170.212614,-0.080379,-0.236518,-0.032768,-2084.989589,-6266.846521,-159.360981,1561.153411,-411.440099,7009.910391,0.0,-0.029054,0.020712,0.0,-2.55,2.0,0.0,-7.1,5.55,0.0,-2.0,1.0,0.0,0.0,0.0,0.0,0.0,0.0,0.0,-2.0,1.0,-3.0,-6.775,-0.725,-3.0,-6.775,-0.725,0.0,0.0,0.0,-2323.609272,-5771.722904,-69.36834,421.646277,-1280.0,1931.5,-0.0,-0.002273,0.002982,0.044146,-0.001082,0.195543,0.0,-2.0,1.0,0.0,0.0,0.0,0.0,-2.0,4.0,0.0,0.0,0.0,0.0,0.0,0.0,0.0,0.0,0.0,0.0,0.0,0.0,0.0,0.0,0.0,0.0,0.0,0.0,15.75,-123.125612,155.545816,0.0,0.0,0.0,0.0,0.0,0.0,0.0,0.0,0.0,0.0,0.0,0.0,0.0,0.0,0.0,0.0,0.0,0.0,89.344572,-31.628897,259.074342
P0,16,B,20,0,0,plain-younger,3227.475491,2821.939904,3742.958911,1144.929581,980.390119,1270.2868,2568.903483,2236.662357,2843.008057,2631.213912,2262.462594,2955.684914,2926.954015,2540.451255,3226.538325,581.668646,504.627136,653.479559,1163.337291,1009.254272,1306.959118,0.0,0.0,0.0,790.203884,526.815659,935.653318,1202.612714,1100.390119,1327.544667,0.704999,0.620148,0.756329,22152.017207,20304.599422,24683.289264,12191.143861,9922.883044,14821.443842,0.704651,0.617839,0.752181,24.0,20.45,27.55,53.0,45.45,61.55,6.0,3.45,11.55,2.0,2.0,2.0,2.0,2.0,2.0,26.0,23.45,31.55,16.0,16.0,16.0,16.0,16.0,16.0,16.0,16.0,16.0,38002.966758,33356.981224,43960.966574,11658.111332,10286.110892,13870.53421,0.025821,0.022203,0.033808,0.267106,0.231465,0.29112,26.0,23.45,31.55,1.0,1.0,1.0,19.0,19.0,19.0,0.0,0.0,0.0,0.0,0.0,0.0,0.0,0.0,0.0,0.0,0.0,0.0,0.0,0.0,0.0,20.0,20.0,20.0,2568.903483,2236.662357,2843.008057,0.0,0.0,0.0,0.0,0.0,0.0,0.0,0.0,0.0,0.0,0.0,0.0,32.0,32.0,32.0,20.0,20.0,20.0,1144.929581,980.390119,1270.2868,0.0,0.0,0.0,0.0,0.0,0.0,0.0,0.0,0.0,0.0,0.0,0.0,0.0,0.0,0.0,0.0,0.0,0.0,0.0,0.0,0.0,0.0,0.0,0.0,0.0,0.0,0.0,0.0,0.0,0.0,0.0,0.0,0.0,0.0,0.0,0.0,0.0,0.0,0.0,0.0,0.0,0.0,0.0,0.0,0.0,0.0,0.0,0.0,0.0,0.0,0.0,0.0,0.0,0.0,0.0,0.0,0.0,0.0,0.0,0.0,0.0,0.0,0.0,0.0,0.0,0.0,0.0,0.0,0.0,0.0,0.0,0.0,0.0,0.0,0.0,0.0,0.0,0.0,0.0,0.0,0.0,0.0,0.0,0.0,0.0,0.0,0.0,0.0,0.0,0.0,0.0,0.0,0.0,0.0,0.0,0.0,0.0,0.0,0.0,0.0,0.0,0.0,0.0,0.0,0.0,0.0,0.0,0.0,0.0,0.0,0.0,0.0,0.0,0.0,0.0,0.0,0.0,0.0,0.0,0.0,0.0,0.0,0.0,0.0,0.0,0.0,0.0,0.0,0.0,0.0,0.0,0.0
P1a,16,B,20,0,0,plain-younger,3227.475491,2821.939904,3742.958911,0.0,0.0,0.0,2456.715426,2136.331614,2720.954453,2631.213912,2262.462594,2955.684914,2926.954015,2540.451255,3226.538325,602.050391,540.797646,737.817566,1180.191691,1034.06417,1378.566262,0.0,0.0,0.0,790.203884,526.815659,935.653318,1202.612714,1100.390119,1327.544667,0.704999,0.620148,0.756329,22152.017207,20304.599422,24683.289264,12191.143861,9922.883044,14821.443842,0.704651,0.617839,0.752181,24.0,20.45,27.55,53.0,45.45,61.55,6.0,3.45,11.55,2.0,2.0,2.0,2.0,2.0,2.0,26.0,23.45,31.55,16.0,16.0,16.0,16.0,16.0,16.0,16.0,16.0,16.0,38002.966758,33356.981224,43960.966574,12503.34322,10481.280707,15178.836486,0.025821,0.022203,0.033808,0.267106,0.231465,0.29112,26.0,23.45,31.55,2.0,2.0,2.0,18.0,18.0,18.0,0.0,0.0,0.0,0.0,0.0,0.0,0.0,0.0,0.0,0.0,0.0,0.0,0.0,0.0,0.0,20.0,20.0,20.0,2456.715426,2136.331614,2720.954453,0.0,0.0,0.0,0.0,0.0,0.0,0.0,0.0,0.0,0.0,0.0,0.0,32.0,32.0,32.0,20.0,20.0,20.0,0.0,0.0,0.0,0.0,0.0,0.0,-1144.929581,-1270.2868,-980.390119,-111.990916,-124.565191,-100.764029,0.0,0.0,0.0,0.0,0.0,0.0,32.249746,7.672945,92.849672,25.19315,1.200377,114.114993,0.0,0.0,0.0,0.0,0.0,0.0,0.0,-0.0,0.0,0.0,0.0,0.0,0.0,0.0,0.0,0.0,0.0,0.0,0.0,0.0,0.0,0.0,0.0,0.0,0.0,0.0,0.0,0.0,0.0,0.0,0.0,0.0,0.0,0.0,0.0,0.0,0.0,0.0,0.0,0.0,0.0,0.0,0.0,0.0,0.0,0.0,0.0,0.0,0.0,0.0,0.0,403.0904,19.206027,1825.839893,0.0,-0.0,0.0,0.0,0.0,0.0,0.0,0.0,0.0,1.0,1.0,1.0,-1.0,-1.0,-1.0,0.0,0.0,0.0,0.0,0.0,0.0,0.0,0.0,0.0,0.0,0.0,0.0,0.0,0.0,0.0,0.0,0.0,0.0,-111.990916,-124.565191,-100.764029,0.0,0.0,0.0,0.0,0.0,0.0,0.0,0.0,0.0,0.0,0.0,0.0,0.0,0.0,0.0,0.0,0.0,0.0,-1144.929581,-1270.2868,-980.390119
P1b,16,B,20,0,0,plain-younger,3227.475491,2821.939904,3742.958911,1144.929581,980.390119,1270.2868,2568.903483,2236.662357,2843.008057,2631.213912,2262.462594,2955.684914,2926.954015,2540.451255,3226.538325,581.668646,504.627136,653.479559,1163.337291,1009.254272,1306.959118,0.0,0.0,0.0,790.203884,526.815659,935.653318,1202.612714,1100.390119,1327.544667,0.704999,0.620148,0.756329,22152.017207,20304.599422,24683.289264,12191.143861,9922.883044,14821.443842,0.704651,0.617839,0.752181,24.0,20.45,27.55,53.0,45.45,61.55,6.0,3.45,11.55,2.0,2.0,2.0,2.0,2.0,2.0,26.0,23.45,31.55,16.0,16.0,16.0,16.0,16.0,16.0,16.0,16.0,16.0,38002.966758,33356.981224,43960.966574,11658.111332,10286.110892,13870.53421,0.025821,0.022203,0.033808,0.267106,0.231465,0.29112,26.0,23.45,31.55,1.0,1.0,1.0,19.0,19.0,19.0,0.0,0.0,0.0,0.0,0.0,0.0,0.0,0.0,0.0,0.0,0.0,0.0,0.0,0.0,0.0,20.0,20.0,20.0,2568.903483,2236.662357,2843.008057,0.0,0.0,0.0,0.0,0.0,0.0,0.0,0.0,0.0,0.0,0.0,0.0,32.0,32.0,32.0,20.0,20.0,20.0,1144.929581,980.390119,1270.2868,0.0,0.0,0.0,0.0,0.0,0.0,0.0,0.0,0.0,0.0,0.0,0.0,0.0,0.0,0.0,0.0,0.0,0.0,0.0,0.0,0.0,0.0,0.0,0.0,0.0,0.0,0.0,0.0,0.0,0.0,0.0,0.0,0.0,0.0,0.0,0.0,0.0,0.0,0.0,0.0,0.0,0.0,0.0,0.0,0.0,0.0,0.0,0.0,0.0,0.0,0.0,0.0,0.0,0.0,0.0,0.0,0.0,0.0,0.0,0.0,0.0,0.0,0.0,0.0,0.0,0.0,0.0,0.0,0.0,0.0,0.0,0.0,0.0,0.0,0.0,0.0,0.0,0.0,0.0,0.0,0.0,0.0,0.0,0.0,0.0,0.0,0.0,0.0,0.0,0.0,0.0,0.0,0.0,0.0,0.0,0.0,0.0,0.0,0.0,0.0,0.0,0.0,0.0,0.0,0.0,0.0,0.0,0.0,0.0,0.0,0.0,0.0,0.0,0.0,0.0,0.0,0.0,0.0,0.0,0.0,0.0,0.0,0.0,0.0,0.0,0.0,0.0,0.0,0.0,0.0,0.0,0.0
P1d,16,B,20,0,0,plain-younger,3239.416695,2862.384309,3742.958911,1588.839942,1270.044667,2213.205548,2614.712281,2306.305439,2829.599823,2613.262362,2303.789721,2882.515652,2945.032369,2623.784192,3212.81887,531.461164,289.56821,643.211737,1550.811721,907.382839,2158.927971,0.0,0.0,0.0,455.589248,58.286525,757.3,1250.0,1063.211093,1386.5,0.585417,0.416187,0.686234,19728.191236,11779.065848,23869.901469,14721.055912,12566.978307,22605.226747,0.70622,0.622212,0.760243,24.0,20.45,28.0,54.0,46.0,61.55,5.5,3.45,11.55,2.0,2.0,2.0,2.0,2.0,2.0,25.5,23.45,31.55,13.5,9.175,15.275,13.5,9.175,15.275,16.0,16.0,16.0,35419.843596,26068.567724,43847.474748,12151.160056,9333.931181,14757.067773,0.025702,0.022321,0.033611,0.304693,0.260107,0.48689,25.5,23.45,31.55,1.0,1.0,1.0,20.0,19.0,20.0,0.0,0.0,0.0,0.0,0.0,0.0,0.0,0.0,0.0,0.0,0.0,0.0,0.0,0.0,0.0,20.0,20.0,20.0,2614.712281,2306.305439,2829.599823,0.0,0.0,0.0,0.0,0.0,0.0,0.0,0.0,0.0,0.0,0.0,0.0,32.0,32.0,32.0,20.0,20.0,20.0,1250.0,1023.5,1386.5,0.0,-201.999355,126.861066,400.0,83.5,1125.0,16.0,-96.72143,175.622013,0.0,-135.692425,125.654751,0.0,-135.692425,125.654751,-39.353567,-296.186056,17.654005,300.0,-209.079218,946.5,0.0,0.0,0.0,-254.887256,-835.650689,-24.901211,29.609881,-95.914332,182.609881,-0.080569,-0.324215,-0.032839,-2446.917493,-10806.288641,49.909157,1801.428565,-54.37144,11319.294997,0.0,-0.018753,0.015826,0.0,-2.0,1.55,0.0,-5.55,3.55,0.0,-1.0,0.55,0.0,0.0,0.0,0.0,0.0,0.0,0.0,-1.0,0.55,-2.5,-6.825,-0.725,-2.5,-6.825,-0.725,0.0,0.0,0.0,-2478.963227,-9967.123068,183.319043,415.0,-2222.0,2716.812496,0.0,-0.00139,0.001371,0.036931,-0.001175,0.215364,0.0,-1.0,0.55,0.0,0.0,0.0,1.0,0.0,1.0,0.0,0.0,0.0,0.0,0.0,0.0,0.0,0.0,0.0,0.0,0.0,0.0,0.0,0.0,0.0,0.0,0.0,0.0,16.0,-96.72143,175.622013,0.0,0.0,0.0,0.0,0.0,0.0,0.0,0.0,0.0,0.0,0.0,0.0,0.0,0.0,0.0,0.0,0.0,0.0,64.873917,-80.2868,311.192161
P0,60,A,5,6,20,shuffled,866.937874,664.385897,1089.511542,129.541321,78.333396,208.743998,504.488637,381.927282,615.805271,493.279672,352.338979,628.779403,795.45052,607.288648,1045.774096,0.0,0.0,0.0,0.0,0.0,0.0,0.0,0.0,0.0,5.39086,0.0,8.831324,129.541321,78.333396,208.743998,0.154803,0.09195,0.240664,7421.967818,4473.29179,12254.2865,0.0,0.0,64.93781,0.079709,0.031324,0.204532,1.5,0.0,4.0,3.0,0.0,10.55,0.0,0.0,1.0,1.0,1.0,1.0,1.0,1.0,1.0,20.0,20.0,21.0,6.0,6.0,6.0,6.0,6.0,6.0,6.0,6.0,6.0,51661.550547,39576.073565,65054.305059,0.0,0.0,0.0,0.005614,0.003092,0.007782,0.005942,0.003524,0.008665,20.0,20.0,21.0,0.0,0.0,0.0,0.0,0.0,0.0,0.0,0.0,0.0,0.0,0.0,0.0,0.0,0.0,0.0,0.0,0.0,0.0,0.0,0.0,0.0,20.0,20.0,20.0,504.488637,381.927282,615.805271,0.0,0.0,0.0,0.0,0.0,0.0,0.0,0.0,0.0,0.0,0.0,0.0,6.0,6.0,6.0,20.0,20.0,20.0,129.541321,78.333396,208.743998,0.0,0.0,0.0,0.0,0.0,0.0,0.0,0.0,0.0,0.0,0.0,0.0,0.0,0.0,0.0,0.0,0.0,0.0,0.0,0.0,0.0,0.0,0.0,0.0,0.0,0.0,0.0,0.0,0.0,0.0,0.0,0.0,0.0,0.0,0.0,0.0,0.0,0.0,0.0,0.0,0.0,0.0,0.0,0.0,0.0,0.0,0.0,0.0,0.0,0.0,0.0,0.0,0.0,0.0,0.0,0.0,0.0,0.0,0.0,0.0,0.0,0.0,0.0,0.0,0.0,0.0,0.0,0.0,0.0,0.0,0.0,0.0,0.0,0.0,0.0,0.0,0.0,0.0,0.0,0.0,0.0,0.0,0.0,0.0,0.0,0.0,0.0,0.0,0.0,0.0,0.0,0.0,0.0,0.0,0.0,0.0,0.0,0.0,0.0,0.0,0.0,0.0,0.0,0.0,0.0,0.0,0.0,0.0,0.0,0.0,0.0,0.0,0.0,0.0,0.0,0.0,0.0,0.0,0.0,0.0,0.0,0.0,0.0,0.0,0.0,0.0,0.0,0.0,0.0,0.0,0.0,0.0
P1a,60,A,5,6,20,shuffled,866.937874,664.385897,1089.511542,0.0,0.0,0.0,496.418632,374.855585,611.597463,493.279672,352.338979,628.779403,795.45052,607.288648,1045.774096,40.663333,0.450231,113.784031,40.663333,0.450231,113.784031,0.0,0.0,0.0,5.39086,0.0,8.831324,129.541321,78.333396,208.743998,0.154803,0.09195,0.240664,7421.967818,4473.29179,12254.2865,0.0,0.0,64.93781,0.079709,0.031324,0.204532,1.5,0.0,4.0,3.0,0.0,10.55,0.0,0.0,1.0,1.0,1.0,1.0,1.0,1.0,1.0,20.0,20.0,21.0,6.0,6.0,6.0,6.0,6.0,6.0,6.0,6.0,6.0,51661.550547,39576.073565,65054.305059,2439.8,27.01385,6827.04185,0.005614,0.003092,0.007782,0.005942,0.003524,0.008665,20.0,20.0,21.0,1.0,1.0,1.0,0.0,0.0,0.0,0.0,0.0,0.0,0.0,0.0,0.0,0.0,0.0,0.0,0.0,0.0,0.0,0.0,0.0,0.0,20.0,20.0,20.0,496.418632,374.855585,611.597463,0.0,0.0,0.0,0.0,0.0,0.0,0.0,0.0,0.0,0.0,0.0,0.0,6.0,6.0,6.0,20.0,20.0,20.0,0.0,0.0,0.0,0.0,0.0,0.0,-129.541321,-208.743998,-78.333396,-6.477066,-10.4372,-3.91667,0.0,0.0,0.0,0.0,0.0,0.0,40.663333,0.450231,113.784031,40.663333,0.450231,113.784031,0.0,0.0,0.0,0.0,0.0,0.0,0.0,0.0,0.0,0.0,0.0,0.0,0.0,-0.0,0.0,0.0,-0.0,0.0,0.0,-0.0,0.0,0.0,0.0,0.0,0.0,0.0,0.0,0.0,0.0,0.0,0.0,0.0,0.0,0.0,0.0,0.0,0.0,0.0,0.0,0.0,0.0,0.0,0.0,0.0,0.0,0.0,0.0,0.0,0.0,-0.0,0.0,2439.8,27.01385,6827.04185,0.0,-0.0,0.0,0.0,-0.0,0.0,0.0,0.0,0.0,1.0,1.0,1.0,0.0,0.0,0.0,0.0,0.0,0.0,0.0,0.0,0.0,0.0,0.0,0.0,0.0,0.0,0.0,0.0,0.0,0.0,0.0,0.0,0.0,-6.477066,-10.4372,-3.91667,0.0,0.0,0.0,0.0,0.0,0.0,0.0,0.0,0.0,0.0,0.0,0.0,0.0,0.0,0.0,0.0,0.0,0.0,-129.541321,-208.743998,-78.333396
P1b,60,A,5,6,20,shuffled,866.937874,664.385897,1089.511542,0.0,0.0,181.285283,496.418632,374.855585,611.597463,493.279672,352.338979,628.779403,795.45052,607.288648,1045.774096,32.831683,0.0,97.401556,32.831683,0.0,97.401556,0.0,0.0,0.0,5.39086,0.0,8.831324,129.541321,78.333396,208.743998,0.154803,0.09195,0.240664,7421.967818,4473.29179,12254.2865,0.0,0.0,64.93781,0.079709,0.031324,0.204532,1.5,0.0,4.0,3.0,0.0,10.55,0.0,0.0,1.0,1.0,1.0,1.0,1.0,1.0,1.0,20.0,20.0,21.0,6.0,6.0,6.0,6.0,6.0,6.0,6.0,6.0,6.0,51661.550547,39576.073565,65054.305059,1969.901,0.0,5844.09335,0.005614,0.003092,0.007782,0.005942,0.003524,0.008665,20.0,20.0,21.0,1.0,0.0,1.0,0.0,0.0,0.0,0.0,0.0,0.0,0.0,0.0,0.0,0.0,0.0,0.0,0.0,0.0,0.0,0.0,0.0,0.0,20.0,20.0,20.0,496.418632,374.855585,611.597463,0.0,0.0,0.0,0.0,0.0,0.0,0.0,0.0,0.0,0.0,0.0,0.0,6.0,6.0,6.0,20.0,20.0,20.0,0.0,0.0,181.285283,0.0,0.0,0.0,-113.217481,-191.215785,0.0,-5.660874,-9.560789,0.0,0.0,0.0,0.0,0.0,0.0,0.0,32.831683,0.0,97.401556,32.831683,0.0,97.401556,0.0,0.0,0.0,0.0,0.0,0.0,0.0,0.0,0.0,0.0,0.0,0.0,0.0,-0.0,0.0,0.0,-0.0,0.0,0.0,-0.0,0.0,0.0,0.0,0.0,0.0,0.0,0.0,0.0,0.0,0.0,0.0,0.0,0.0,0.0,0.0,0.0,0.0,0.0,0.0,0.0,0.0,0.0,0.0,0.0,0.0,0.0,0.0,0.0,0.0,-0.0,0.0,1969.901,0.0,5844.09335,0.0,-0.0,0.0,0.0,-0.0,0.0,0.0,0.0,0.0,1.0,0.0,1.0,0.0,0.0,0.0,0.0,0.0,0.0,0.0,0.0,0.0,0.0,0.0,0.0,0.0,0.0,0.0,0.0,0.0,0.0,0.0,0.0,0.0,-5.660874,-9.560789,0.0,0.0,0.0,0.0,0.0,0.0,0.0,0.0,0.0,0.0,0.0,0.0,0.0,0.0,0.0,0.0,0.0,0.0,0.0,-113.217481,-191.215785,0.0
P1d,60,A,5,6,20,shuffled,997.482779,757.786099,1335.75129,0.0,0.0,67.861862,476.799351,342.039108,660.390832,465.156347,338.483193,704.736944,865.914009,670.234398,1201.299594,460.106162,307.334822,826.75518,811.195464,606.046149,1232.218876,0.0,0.0,0.0,69.482906,39.406557,107.161903,112.273044,71.324224,126.53869,0.244411,0.13951,0.341587,15416.105365,8247.394666,22283.442428,0.0,0.0,0.0,0.031795,0.02246,0.072582,0.0,0.0,1.55,0.0,0.0,3.0,0.0,0.0,0.55,5.0,3.0,6.0,5.0,3.0,6.0,20.0,20.0,20.55,1.2,1.0,1.85,1.0,1.0,2.0,2.0,1.0,3.0,59607.845902,45210.588336,79796.196809,51983.817722,36311.366154,73724.721758,0.004896,0.002883,0.006326,0.004896,0.002883,0.006326,20.0,20.0,20.55,5.0,3.0,6.0,0.0,0.0,0.0,0.0,0.0,0.0,0.0,0.0,0.0,0.0,0.0,0.0,0.0,0.0,0.0,0.0,0.0,0.0,20.0,20.0,20.0,476.799351,342.039108,660.390832,0.0,0.0,0.0,0.0,0.0,0.0,0.0,0.0,0.0,0.0,0.0,0.0,6.0,6.0,6.0,20.0,20.0,20.0,0.0,0.0,67.861862,128.36882,-2.385902,272.846073,-124.092987,-191.215785,-65.588969,-9.90944,-107.469625,82.38952,-13.443859,-131.650226,89.395629,102.178229,16.880836,222.888176,460.106162,307.334822,826.75518,811.195464,606.046149,1232.218876,0.0,0.0,0.0,66.012111,32.776065,100.264657,-23.088955,-90.609382,0.0,0.088187,0.009671,0.185332,6545.3271,1987.875477,15090.809297,0.0,-64.93781,0.0,-0.041892,-0.165446,-0.004264,-1.5,-4.0,0.0,-2.5,-9.55,0.0,0.0,-1.0,0.0,4.0,2.0,5.0,4.0,2.0,5.0,0.0,-1.0,0.0,-4.8,-5.0,-4.15,-5.0,-5.0,-4.0,-4.0,-5.0,-3.0,7721.648329,-137.708252,16370.764393,51983.817722,36311.366154,73724.721758,-0.000594,-0.001695,9e-06,-0.000932,-0.002503,-0.0002,0.0,-1.0,0.0,5.0,3.0,6.0,0.0,0.0,0.0,0.0,0.0,0.0,0.0,0.0,0.0,0.0,0.0,0.0,0.0,0.0,0.0,0.0,0.0,0.0,0.0,0.0,0.0,-9.90944,-107.469625,82.38952,0.0,0.0,0.0,0.0,0.0,0.0,0.0,0.0,0.0,0.0,0.0,0.0,0.0,0.0,0.0,0.0,0.0,0.0,-124.092987,-191.215785,-65.588969
P0,60,A,10,6,20,shuffled,911.25406,685.230897,1171.639659,182.604353,95.474301,281.840029,539.923914,411.8459,710.179941,527.55126,416.651844,703.243795,839.109113,628.133648,1093.027307,0.0,0.0,0.0,0.0,0.0,0.0,0.0,0.0,0.0,5.83596,0.0,12.126491,182.604353,95.474301,281.840029,0.191992,0.115333,0.305519,10677.339982,5479.117706,16567.581192,8.229778,0.0,243.201126,0.152605,0.073209,0.291136,2.0,0.0,4.55,4.0,0.0,10.55,0.0,0.0,1.0,1.0,1.0,1.0,1.0,1.0,1.0,20.0,20.0,21.0,6.0,6.0,6.0,6.0,6.0,6.0,6.0,6.0,6.0,54451.845859,40854.496446,69976.718713,0.0,0.0,0.0,0.005274,0.002586,0.007456,0.006023,0.003634,0.009167,20.0,20.0,21.0,0.0,0.0,0.0,0.0,0.0,0.0,0.0,0.0,0.0,0.0,0.0,0.0,0.0,0.0,0.0,0.0,0.0,0.0,0.0,0.0,0.0,20.0,20.0,20.0,539.923914,411.8459,710.179941,0.0,0.0,0.0,0.0,0.0,0.0,0.0,0.0,0.0,0.0,0.0,0.0,6.0,6.0,6.0,20.0,20.0,20.0,182.604353,95.474301,281.840029,0.0,0.0,0.0,0.0,0.0,0.0,0.0,0.0,0.0,0.0,0.0,0.0,0.0,0.0,0.0,0.0,0.0,0.0,0.0,0.0,0.0,0.0,0.0,0.0,0.0,0.0,0.0,0.0,0.0,0.0,0.0,0.0,0.0,0.0,0.0,0.0,0.0,0.0,0.0,0.0,0.0,0.0,0.0,0.0,0.0,0.0,0.0,0.0,0.0,0.0,0.0,0.0,0.0,0.0,0.0,0.0,0.0,0.0,0.0,0.0,0.0,0.0,0.0,0.0,0.0,0.0,0.0,0.0,0.0,0.0,0.0,0.0,0.0,0.0,0.0,0.0,0.0,0.0,0.0,0.0,0.0,0.0,0.0,0.0,0.0,0.0,0.0,0.0,0.0,0.0,0.0,0.0,0.0,0.0,0.0,0.0,0.0,0.0,0.0,0.0,0.0,0.0,0.0,0.0,0.0,0.0,0.0,0.0,0.0,0.0,0.0,0.0,0.0,0.0,0.0,0.0,0.0,0.0,0.0,0.0,0.0,0.0,0.0,0.0,0.0,0.0,0.0,0.0,0.0,0.0,0.0,0.0
P1a,60,A,10,6,20,shuffled,911.25406,685.230897,1171.639659,0.0,0.0,0.0,533.196848,403.589025,698.648512,527.55126,416.651844,703.243795,839.109113,628.133648,1093.027307,40.663333,0.450231,113.784031,40.663333,0.450231,113.784031,0.0,0.0,0.0,5.83596,0.0,12.126491,182.604353,95.474301,281.840029,0.191992,0.115333,0.305519,10677.339982,5479.117706,16567.581192,8.229778,0.0,243.201126,0.152605,0.073209,0.291136,2.0,0.0,4.55,4.0,0.0,10.55,0.0,0.0,1.0,1.0,1.0,1.0,1.0,1.0,1.0,20.0,20.0,21.0,6.0,6.0,6.0,6.0,6.0,6.0,6.0,6.0,6.0,54451.845859,40854.496446,69976.718713,2439.8,27.01385,6827.04185,0.005274,0.002586,0.007456,0.006023,0.003634,0.009167,20.0,20.0,21.0,1.0,1.0,1.0,0.0,0.0,0.0,0.0,0.0,0.0,0.0,0.0,0.0,0.0,0.0,0.0,0.0,0.0,0.0,0.0,0.0,0.0,20.0,20.0,20.0,533.196848,403.589025,698.648512,0.0,0.0,0.0,0.0,0.0,0.0,0.0,0.0,0.0,0.0,0.0,0.0,6.0,6.0,6.0,20.0,20.0,20.0,0.0,0.0,0.0,0.0,0.0,0.0,-182.604353,-281.840029,-95.474301,-9.130218,-14.092001,-4.773715,0.0,0.0,0.0,0.0,0.0,0.0,40.663333,0.450231,113.784031,40.663333,0.450231,113.784031,0.0,0.0,0.0,0.0,0.0,0.0,0.0,-0.0,0.0,0.0,0.0,0.0,0.0,-0.0,0.0,0.0,-0.0,0.0,0.0,-0.0,0.0,0.0,0.0,0.0,0.0,0.0,0.0,0.0,0.0,0.0,0.0,0.0,0.0,0.0,0.0,0.0,0.0,0.0,0.0,0.0,0.0,0.0,0.0,0.0,0.0,0.0,0.0,0.0,0.0,-0.0,0.0,2439.8,27.01385,6827.04185,0.0,-0.0,0.0,0.0,-0.0,0.0,0.0,0.0,0.0,1.0,1.0,1.0,0.0,0.0,0.0,0.0,0.0,0.0,0.0,0.0,0.0,0.0,0.0,0.0,0.0,0.0,0.0,0.0,0.0,0.0,0.0,0.0,0.0,-9.130218,-14.092001,-4.773715,0.0,0.0,0.0,0.0,0.0,0.0,0.0,0.0,0.0,0.0,0.0,0.0,0.0,0.0,0.0,0.0,0.0,0.0,-182.604353,-281.840029,-95.474301
P1b,60,A,10,6,20,shuffled,911.25406,685.230897,1171.639659,0.0,0.0,260.426438,535.615899,403.589025,710.179941,527.55126,416.651844,703.243795,839.109113,628.133648,1093.027307,32.831683,0.0,97.401556,32.831683,0.0,97.401556,0.0,0.0,0.0,5.83596,0.0,12.126491,182.604353,95.474301,281.840029,0.191992,0.115333,0.305519,10677.339982,5479.117706,16567.581192,8.229778,0.0,243.201126,0.152605,0.073209,0.291136,2.0,0.0,4.55,4.0,0.0,10.55,0.0,0.0,1.0,1.0,1.0,1.0,1.0,1.0,1.0,20.0,20.0,21.0,6.0,6.0,6.0,6.0,6.0,6.0,6.0,6.0,6.0,54451.845859,40854.496446,69976.718713,1969.901,0.0,5844.09335,0.005274,0.002586,0.007456,0.006023,0.003634,0.009167,20.0,20.0,21.0,1.0,0.0,1.0,0.0,0.0,0.0,0.0,0.0,0.0,0.0,0.0,0.0,0.0,0.0,0.0,0.0,0.0,0.0,0.0,0.0,0.0,20.0,20.0,20.0,535.615899,403.589025,710.179941,0.0,0.0,0.0,0.0,0.0,0.0,0.0,0.0,0.0,0.0,0.0,0.0,6.0,6.0,6.0,20.0,20.0,20.0,0.0,0.0,260.426438,0.0,0.0,0.0,-134.089602,-268.391045,0.0,-6.70448,-13.419552,0.0,0.0,0.0,0.0,0.0,0.0,0.0,32.831683,0.0,97.401556,32.831683,0.0,97.401556,0.0,0.0,0.0,0.0,0.0,0.0,0.0,0.0,0.0,0.0,0.0,0.0,0.0,-0.0,0.0,0.0,-0.0,0.0,0.0,-0.0,0.0,0.0,0.0,0.0,0.0,0.0,0.0,0.0,0.0,0.0,0.0,0.0,0.0,0.0,0.0,0.0,0.0,0.0,0.0,0.0,0.0,0.0,0.0,0.0,0.0,0.0,0.0,0.0,0.0,-0.0,0.0,1969.901,0.0,5844.09335,0.0,-0.0,0.0,0.0,-0.0,0.0,0.0,0.0,0.0,1.0,0.0,1.0,0.0,0.0,0.0,0.0,0.0,0.0,0.0,0.0,0.0,0.0,0.0,0.0,0.0,0.0,0.0,0.0,0.0,0.0,0.0,0.0,0.0,-6.70448,-13.419552,0.0,0.0,0.0,0.0,0.0,0.0,0.0,0.0,0.0,0.0,0.0,0.0,0.0,0.0,0.0,0.0,0.0,0.0,0.0,-134.089602,-268.391045,0.0
P1d,60,A,10,6,20,shuffled,1026.565237,785.536099,1358.50129,0.0,0.0,72.861862,488.347229,357.764108,676.590832,478.632516,346.059859,718.611944,891.403787,706.211985,1221.437094,469.130744,319.376489,837.046847,824.945464,628.108649,1249.468876,0.0,0.0,0.0,74.482906,44.406557,118.574403,117.273044,76.324224,145.004446,0.269498,0.150174,0.362407,17216.105365,8982.394666,23918.442428,0.0,0.0,0.0,0.06163,0.044169,0.111278,0.0,0.0,1.55,0.0,0.0,3.0,0.0,0.0,0.55,5.0,3.0,6.0,5.0,3.0,6.0,20.0,20.0,20.55,1.2,1.0,1.85,1.0,1.0,2.0,2.0,1.0,3.0,61300.851573,46875.588336,81161.196809,52883.817722,37676.366154,74759.721758,0.00477,0.002833,0.006113,0.00477,0.002833,0.006113,20.0,20.0,20.55,5.0,3.0,6.0,0.0,0.0,0.0,0.0,0.0,0.0,0.0,0.0,0.0,0.0,0.0,0.0,0.0,0.0,0.0,0.0,0.0,0.0,20.0,20.0,20.0,488.347229,357.764108,676.590832,0.0,0.0,0.0,0.0,0.0,0.0,0.0,0.0,0.0,0.0,0.0,0.0,6.0,6.0,6.0,20.0,20.0,20.0,0.0,0.0,72.861862,108.953169,-79.118849,277.070606,-163.77673,-268.391045,-95.474301,-47.573616,-184.149018,82.721839,-51.360292,-217.166076,78.915211,66.509416,-84.993732,241.250676,469.130744,319.376489,837.046847,824.945464,628.108649,1249.468876,0.0,0.0,0.0,67.443386,38.64339,109.646247,-64.859091,-185.319782,-0.0,0.062945,-0.0547,0.187935,4700.453703,-4843.688552,16022.431327,-8.229778,-243.201126,0.0,-0.101761,-0.205415,-0.012291,-2.0,-4.0,0.0,-4.0,-10.0,0.0,0.0,-1.0,0.0,4.0,2.0,5.0,4.0,2.0,5.0,0.0,-1.0,0.0,-4.8,-5.0,-4.15,-5.0,-5.0,-4.0,-4.0,-5.0,-3.0,6542.906546,-4542.724021,16624.236384,52883.817722,37676.366154,74759.721758,-0.00043,-0.001629,0.000216,-0.001219,-0.00425,-0.000349,0.0,-1.0,0.0,5.0,3.0,6.0,0.0,0.0,0.0,0.0,0.0,0.0,0.0,0.0,0.0,0.0,0.0,0.0,0.0,0.0,0.0,0.0,0.0,0.0,0.0,0.0,0.0,-47.573616,-184.149018,82.721839,0.0,0.0,0.0,0.0,0.0,0.0,0.0,0.0,0.0,0.0,0.0,0.0,0.0,0.0,0.0,0.0,0.0,0.0,-163.77673,-268.391045,-95.474301
P0,60,A,20,6,20,shuffled,1108.111617,757.596209,1384.486576,377.455855,168.798624,461.455651,740.402692,478.014504,888.474427,722.76358,473.668289,887.35772,1008.823615,700.49896,1263.340973,0.0,0.0,0.0,0.0,0.0,0.0,0.0,0.0,0.0,0.0,0.0,20.213871,377.455855,168.798624,461.455651,0.30913,0.189537,0.411686,22263.820159,9818.361748,26928.065282,168.390853,0.0,551.489869,0.29651,0.184428,0.400021,4.0,1.0,5.0,8.0,1.45,11.0,1.0,0.0,2.0,1.0,1.0,1.0,1.0,1.0,1.0,21.0,20.0,22.0,6.0,6.0,6.0,6.0,6.0,6.0,6.0,6.0,6.0,65905.529097,45173.159752,82425.780741,0.0,0.0,0.0,0.004522,0.002265,0.006096,0.006662,0.00482,0.010667,21.0,20.0,22.0,0.0,0.0,0.0,0.0,0.0,0.0,0.0,0.0,0.0,0.0,0.0,0.0,0.0,0.0,0.0,0.0,0.0,0.0,0.0,0.0,0.0,20.0,20.0,20.0,740.402692,478.014504,888.474427,0.0,0.0,0.0,0.0,0.0,0.0,0.0,0.0,0.0,0.0,0.0,0.0,6.0,6.0,6.0,20.0,20.0,20.0,377.455855,168.798624,461.455651,0.0,0.0,0.0,0.0,0.0,0.0,0.0,0.0,0.0,0.0,0.0,0.0,0.0,0.0,0.0,0.0,0.0,0.0,0.0,0.0,0.0,0.0,0.0,0.0,0.0,0.0,0.0,0.0,0.0,0.0,0.0,0.0,0.0,0.0,0.0,0.0,0.0,0.0,0.0,0.0,0.0,0.0,0.0,0.0,0.0,0.0,0.0,0.0,0.0,0.0,0.0,0.0,0.0,0.0,0.0,0.0,0.0,0.0,0.0,0.0,0.0,0.0,0.0,0.0,0.0,0.0,0.0,0.0,0.0,0.0,0.0,0.0,0.0,0.0,0.0,0.0,0.0,0.0,0.0,0.0,0.0,0.0,0.0,0.0,0.0,0.0,0.0,0.0,0.0,0.0,0.0,0.0,0.0,0.0,0.0,0.0,0.0,0.0,0.0,0.0,0.0,0.0,0.0,0.0,0.0,0.0,0.0,0.0,0.0,0.0,0.0,0.0,0.0,0.0,0.0,0.0,0.0,0.0,0.0,0.0,0.0,0.0,0.0,0.0,0.0,0.0,0.0,0.0,0.0,0.0,0.0,0.0
P1a,60,A,20,6,20,shuffled,1108.111617,757.596209,1384.486576,0.0,0.0,0.0,719.753282,466.868691,863.742962,722.76358,473.668289,887.35772,1008.823615,700.49896,1263.340973,40.663333,0.450231,113.784031,40.663333,0.450231,113.784031,0.0,0.0,0.0,0.0,0.0,20.213871,377.455855,168.798624,461.455651,0.30913,0.189537,0.411686,22263.820159,9818.361748,26928.065282,168.390853,0.0,551.489869,0.29651,0.184428,0.400021,4.0,1.0,5.0,8.0,1.45,11.0,1.0,0.0,2.0,1.0,1.0,1.0,1.0,1.0,1.0,21.0,20.0,22.0,6.0,6.0,6.0,6.0,6.0,6.0,6.0,6.0,6.0,65905.529097,45173.159752,82425.780741,2439.8,27.01385,6827.04185,0.004522,0.002265,0.006096,0.006662,0.00482,0.010667,21.0,20.0,22.0,1.0,1.0,1.0,0.0,0.0,0.0,0.0,0.0,0.0,0.0,0.0,0.0,0.0,0.0,0.0,0.0,0.0,0.0,0.0,0.0,0.0,20.0,20.0,20.0,719.753282,466.868691,863.742962,0.0,0.0,0.0,0.0,0.0,0.0,0.0,0.0,0.0,0.0,0.0,0.0,6.0,6.0,6.0,20.0,20.0,20.0,0.0,0.0,0.0,0.0,0.0,0.0,-377.455855,-461.455651,-168.798624,-18.872793,-23.072783,-8.439931,0.0,0.0,0.0,0.0,0.0,0.0,40.663333,0.450231,113.784031,40.663333,0.450231,113.784031,0.0,0.0,0.0,0.0,-0.0,0.0,0.0,-0.0,0.0,0.0,-0.0,0.0,0.0,-0.0,0.0,0.0,-0.0,0.0,0.0,-0.0,0.0,0.0,0.0,0.0,0.0,0.0,0.0,0.0,0.0,0.0,0.0,0.0,0.0,0.0,0.0,0.0,0.0,0.0,0.0,0.0,0.0,0.0,0.0,0.0,0.0,0.0,0.0,0.0,0.0,-0.0,0.0,2439.8,27.01385,6827.04185,0.0,-0.0,0.0,0.0,-0.0,0.0,0.0,0.0,0.0,1.0,1.0,1.0,0.0,0.0,0.0,0.0,0.0,0.0,0.0,0.0,0.0,0.0,0.0,0.0,0.0,0.0,0.0,0.0,0.0,0.0,0.0,0.0,0.0,-18.872793,-23.072783,-8.439931,0.0,0.0,0.0,0.0,0.0,0.0,0.0,0.0,0.0,0.0,0.0,0.0,0.0,0.0,0.0,0.0,0.0,0.0,-377.455855,-461.455651,-168.798624
P1b,60,A,20,6,20,shuffled,1108.111617,757.596209,1384.486576,0.0,0.0,421.205106,719.753282,466.868691,886.727059,722.76358,473.668289,887.35772,1008.823615,700.49896,1263.340973,32.831683,0.0,97.401556,32.831683,0.0,97.401556,0.0,0.0,0.0,0.0,0.0,20.213871,377.455855,168.798624,461.455651,0.30913,0.189537,0.411686,22263.820159,9818.361748,26928.065282,168.390853,0.0,551.489869,0.29651,0.184428,0.400021,4.0,1.0,5.0,8.0,1.45,11.0,1.0,0.0,2.0,1.0,1.0,1.0,1.0,1.0,1.0,21.0,20.0,22.0,6.0,6.0,6.0,6.0,6.0,6.0,6.0,6.0,6.0,65905.529097,45173.159752,82425.780741,1969.901,0.0,5844.09335,0.004522,0.002265,0.006096,0.006662,0.00482,0.010667,21.0,20.0,22.0,1.0,0.0,1.0,0.0,0.0,0.0,0.0,0.0,0.0,0.0,0.0,0.0,0.0,0.0,0.0,0.0,0.0,0.0,0.0,0.0,0.0,20.0,20.0,20.0,719.753282,466.868691,886.727059,0.0,0.0,0.0,0.0,0.0,0.0,0.0,0.0,0.0,0.0,0.0,0.0,6.0,6.0,6.0,20.0,20.0,20.0,0.0,0.0,421.205106,0.0,0.0,0.0,-295.481672,-447.05926,0.0,-14.774084,-22.352963,0.0,0.0,0.0,0.0,0.0,0.0,0.0,32.831683,0.0,97.401556,32.831683,0.0,97.401556,0.0,0.0,0.0,0.0,-0.0,0.0,0.0,-0.0,0.0,0.0,-0.0,0.0,0.0,-0.0,0.0,0.0,-0.0,0.0,0.0,-0.0,0.0,0.0,0.0,0.0,0.0,0.0,0.0,0.0,0.0,0.0,0.0,0.0,0.0,0.0,0.0,0.0,0.0,0.0,0.0,0.0,0.0,0.0,0.0,0.0,0.0,0.0,0.0,0.0,0.0,-0.0,0.0,1969.901,0.0,5844.09335,0.0,-0.0,0.0,0.0,-0.0,0.0,0.0,0.0,0.0,1.0,0.0,1.0,0.0,0.0,0.0,0.0,0.0,0.0,0.0,0.0,0.0,0.0,0.0,0.0,0.0,0.0,0.0,0.0,0.0,0.0,0.0,0.0,0.0,-14.774084,-22.352963,0.0,0.0,0.0,0.0,0.0,0.0,0.0,0.0,0.0,0.0,0.0,0.0,0.0,0.0,0.0,0.0,0.0,0.0,0.0,-295.481672,-447.05926,0.0
P1d,60,A,20,6,20,shuffled,1087.135144,841.036099,1407.878499,0.0,0.0,82.861862,513.635605,388.026283,721.355383,511.132516,358.305439,746.361944,976.189839,757.840884,1280.646739,493.260472,343.459822,859.209783,875.963805,672.233649,1288.707686,0.0,0.0,0.0,85.492024,54.872219,135.498185,127.745263,90.556001,197.639818,0.299956,0.190897,0.419959,20357.779943,11958.139209,27472.36089,0.0,0.0,0.0,0.118849,0.08524,0.19039,0.0,0.0,2.0,0.0,0.0,3.0,0.0,0.0,0.55,5.0,3.0,6.0,5.0,3.0,6.0,20.0,20.0,20.55,1.2,1.0,1.85,1.0,1.0,2.0,2.0,1.0,3.0,64989.415749,50205.588336,84123.829331,56163.799853,40406.366154,77114.050397,0.004547,0.002602,0.00573,0.004547,0.002602,0.00573,20.0,20.0,20.55,5.0,3.0,6.0,0.0,0.0,0.0,0.0,0.0,0.0,0.0,0.0,0.0,0.0,0.0,0.0,0.0,0.0,0.0,0.0,0.0,0.0,20.0,20.0,20.0,513.635605,388.026283,721.355383,0.0,0.0,0.0,0.0,0.0,0.0,0.0,0.0,0.0,0.0,0.0,0.0,6.0,6.0,6.0,20.0,20.0,20.0,0.0,0.0,82.861862,-25.063439,-246.14928,216.825115,-348.863241,-454.607935,-168.798624,-185.40092,-318.049018,-38.518228,-174.772628,-354.040459,-43.609548,-48.860377,-208.879324,216.825115,493.260472,343.459822,859.209783,875.963805,672.233649,1288.707686,0.0,0.0,0.0,76.807385,51.5366,125.028392,-234.493154,-341.868075,-48.395833,-0.01858,-0.106647,0.156549,-1506.172069,-12182.562131,13009.506909,-168.390853,-551.489869,0.0,-0.162864,-0.257829,-0.069169,-3.0,-4.0,-1.0,-6.0,-10.0,-1.45,-1.0,-2.0,0.0,4.0,2.0,5.0,4.0,2.0,5.0,-1.0,-2.0,0.0,-4.8,-5.0,-4.15,-5.0,-5.0,-4.0,-4.0,-5.0,-3.0,-1346.91425,-14437.043604,13009.506909,56163.799853,40406.366154,77114.050397,0.000104,-0.00119,0.000621,-0.002059,-0.007031,-0.00083,-1.0,-2.0,0.0,5.0,3.0,6.0,0.0,0.0,0.0,0.0,0.0,0.0,0.0,0.0,0.0,0.0,0.0,0.0,0.0,0.0,0.0,0.0,0.0,0.0,0.0,0.0,0.0,-185.40092,-318.049018,-38.518228,0.0,0.0,0.0,0.0,0.0,0.0,0.0,0.0,0.0,0.0,0.0,0.0,0.0,0.0,0.0,0.0,0.0,0.0,-348.863241,-454.607935,-168.798624
P0,60,A,5,6,20,plain-older,866.937874,664.385897,1089.511542,129.541321,78.333396,208.743998,504.488637,381.927282,615.805271,493.279672,352.338979,628.779403,795.45052,607.288648,1045.774096,0.0,0.0,0.0,0.0,0.0,0.0,0.0,0.0,0.0,5.39086,0.0,8.831324,129.541321,78.333396,208.743998,0.154803,0.09195,0.240664,7421.967818,4473.29179,12254.2865,0.0,0.0,64.93781,0.079709,0.031324,0.204532,1.5,0.0,4.0,3.0,0.0,10.55,0.0,0.0,1.0,1.0,1.0,1.0,1.0,1.0,1.0,20.0,20.0,21.0,6.0,6.0,6.0,6.0,6.0,6.0,6.0,6.0,6.0,51661.550547,39576.073565,65054.305059,0.0,0.0,0.0,0.005614,0.003092,0.007782,0.005942,0.003524,0.008665,20.0,20.0,21.0,0.0,0.0,0.0,0.0,0.0,0.0,0.0,0.0,0.0,0.0,0.0,0.0,0.0,0.0,0.0,0.0,0.0,0.0,0.0,0.0,0.0,20.0,20.0,20.0,504.488637,381.927282,615.805271,0.0,0.0,0.0,0.0,0.0,0.0,0.0,0.0,0.0,0.0,0.0,0.0,6.0,6.0,6.0,20.0,20.0,20.0,129.541321,78.333396,208.743998,0.0,0.0,0.0,0.0,0.0,0.0,0.0,0.0,0.0,0.0,0.0,0.0,0.0,0.0,0.0,0.0,0.0,0.0,0.0,0.0,0.0,0.0,0.0,0.0,0.0,0.0,0.0,0.0,0.0,0.0,0.0,0.0,0.0,0.0,0.0,0.0,0.0,0.0,0.0,0.0,0.0,0.0,0.0,0.0,0.0,0.0,0.0,0.0,0.0,0.0,0.0,0.0,0.0,0.0,0.0,0.0,0.0,0.0,0.0,0.0,0.0,0.0,0.0,0.0,0.0,0.0,0.0,0.0,0.0,0.0,0.0,0.0,0.0,0.0,0.0,0.0,0.0,0.0,0.0,0.0,0.0,0.0,0.0,0.0,0.0,0.0,0.0,0.0,0.0,0.0,0.0,0.0,0.0,0.0,0.0,0.0,0.0,0.0,0.0,0.0,0.0,0.0,0.0,0.0,0.0,0.0,0.0,0.0,0.0,0.0,0.0,0.0,0.0,0.0,0.0,0.0,0.0,0.0,0.0,0.0,0.0,0.0,0.0,0.0,0.0,0.0,0.0,0.0,0.0,0.0,0.0,0.0
P1a,60,A,5,6,20,plain-older,866.937874,664.385897,1089.511542,0.0,0.0,0.0,496.418632,374.855585,611.597463,493.279672,352.338979,628.779403,795.45052,607.288648,1045.774096,40.663333,0.450231,113.784031,40.663333,0.450231,113.784031,0.0,0.0,0.0,5.39086,0.0,8.831324,129.541321,78.333396,208.743998,0.154803,0.09195,0.240664,7421.967818,4473.29179,12254.2865,0.0,0.0,64.93781,0.079709,0.031324,0.204532,1.5,0.0,4.0,3.0,0.0,10.55,0.0,0.0,1.0,1.0,1.0,1.0,1.0,1.0,1.0,20.0,20.0,21.0,6.0,6.0,6.0,6.0,6.0,6.0,6.0,6.0,6.0,51661.550547,39576.073565,65054.305059,2439.8,27.01385,6827.04185,0.005614,0.003092,0.007782,0.005942,0.003524,0.008665,20.0,20.0,21.0,1.0,1.0,1.0,0.0,0.0,0.0,0.0,0.0,0.0,0.0,0.0,0.0,0.0,0.0,0.0,0.0,0.0,0.0,0.0,0.0,0.0,20.0,20.0,20.0,496.418632,374.855585,611.597463,0.0,0.0,0.0,0.0,0.0,0.0,0.0,0.0,0.0,0.0,0.0,0.0,6.0,6.0,6.0,20.0,20.0,20.0,0.0,0.0,0.0,0.0,0.0,0.0,-129.541321,-208.743998,-78.333396,-6.477066,-10.4372,-3.91667,0.0,0.0,0.0,0.0,0.0,0.0,40.663333,0.450231,113.784031,40.663333,0.450231,113.784031,0.0,0.0,0.0,0.0,0.0,0.0,0.0,0.0,0.0,0.0,0.0,0.0,0.0,-0.0,0.0,0.0,-0.0,0.0,0.0,-0.0,0.0,0.0,0.0,0.0,0.0,0.0,0.0,0.0,0.0,0.0,0.0,0.0,0.0,0.0,0.0,0.0,0.0,0.0,0.0,0.0,0.0,0.0,0.0,0.0,0.0,0.0,0.0,0.0,0.0,-0.0,0.0,2439.8,27.01385,6827.04185,0.0,-0.0,0.0,0.0,-0.0,0.0,0.0,0.0,0.0,1.0,1.0,1.0,0.0,0.0,0.0,0.0,0.0,0.0,0.0,0.0,0.0,0.0,0.0,0.0,0.0,0.0,0.0,0.0,0.0,0.0,0.0,0.0,0.0,-6.477066,-10.4372,-3.91667,0.0,0.0,0.0,0.0,0.0,0.0,0.0,0.0,0.0,0.0,0.0,0.0,0.0,0.0,0.0,0.0,0.0,0.0,-129.541321,-208.743998,-78.333396
P1b,60,A,5,6,20,plain-older,866.937874,664.385897,1089.511542,0.0,0.0,0.0,496.418632,374.855585,611.597463,493.279672,352.338979,628.779403,795.45052,607.288648,1045.774096,40.663333,0.450231,113.784031,40.663333,0.450231,113.784031,0.0,0.0,0.0,5.39086,0.0,8.831324,129.541321,78.333396,208.743998,0.154803,0.09195,0.240664,7421.967818,4473.29179,12254.2865,0.0,0.0,64.93781,0.079709,0.031324,0.204532,1.5,0.0,4.0,3.0,0.0,10.55,0.0,0.0,1.0,1.0,1.0,1.0,1.0,1.0,1.0,20.0,20.0,21.0,6.0,6.0,6.0,6.0,6.0,6.0,6.0,6.0,6.0,51661.550547,39576.073565,65054.305059,2439.8,27.01385,6827.04185,0.005614,0.003092,0.007782,0.005942,0.003524,0.008665,20.0,20.0,21.0,1.0,1.0,1.0,0.0,0.0,0.0,0.0,0.0,0.0,0.0,0.0,0.0,0.0,0.0,0.0,0.0,0.0,0.0,0.0,0.0,0.0,20.0,20.0,20.0,496.418632,374.855585,611.597463,0.0,0.0,0.0,0.0,0.0,0.0,0.0,0.0,0.0,0.0,0.0,0.0,6.0,6.0,6.0,20.0,20.0,20.0,0.0,0.0,0.0,0.0,0.0,0.0,-129.541321,-208.743998,-78.333396,-6.477066,-10.4372,-3.91667,0.0,0.0,0.0,0.0,0.0,0.0,40.663333,0.450231,113.784031,40.663333,0.450231,113.784031,0.0,0.0,0.0,0.0,0.0,0.0,0.0,0.0,0.0,0.0,0.0,0.0,0.0,-0.0,0.0,0.0,-0.0,0.0,0.0,-0.0,0.0,0.0,0.0,0.0,0.0,0.0,0.0,0.0,0.0,0.0,0.0,0.0,0.0,0.0,0.0,0.0,0.0,0.0,0.0,0.0,0.0,0.0,0.0,0.0,0.0,0.0,0.0,0.0,0.0,-0.0,0.0,2439.8,27.01385,6827.04185,0.0,-0.0,0.0,0.0,-0.0,0.0,0.0,0.0,0.0,1.0,1.0,1.0,0.0,0.0,0.0,0.0,0.0,0.0,0.0,0.0,0.0,0.0,0.0,0.0,0.0,0.0,0.0,0.0,0.0,0.0,0.0,0.0,0.0,-6.477066,-10.4372,-3.91667,0.0,0.0,0.0,0.0,0.0,0.0,0.0,0.0,0.0,0.0,0.0,0.0,0.0,0.0,0.0,0.0,0.0,0.0,-129.541321,-208.743998,-78.333396
P1d,60,A,5,6,20,plain-older,866.937874,664.385897,1089.511542,0.0,0.0,0.0,362.150397,239.253733,518.066274,358.851575,214.634707,494.728712,658.708754,428.78219,922.949813,727.330025,490.010693,971.891575,727.330025,490.010693,971.891575,0.0,0.0,0.0,0.0,0.0,0.0,0.0,0.0,87.358845,0.0,0.0,0.102602,0.0,0.0,5182.921865,0.0,0.0,64.93781,0.079709,0.031324,0.204532,1.5,0.0,4.0,3.0,0.0,10.55,0.0,0.0,1.0,0.0,0.0,1.0,0.0,0.0,1.0,20.0,20.0,21.0,0.0,0.0,3.55,0.0,0.0,3.55,0.0,0.0,3.55,51661.550547,39576.073565,65054.305059,43639.8015,29400.641601,58313.494501,0.005614,0.003092,0.007782,0.005942,0.003524,0.008665,20.0,20.0,21.0,1.0,1.0,1.0,0.0,0.0,0.0,0.0,0.0,0.0,0.0,0.0,0.0,0.0,0.0,0.0,0.0,0.0,0.0,0.0,0.0,0.0,20.0,20.0,20.0,362.150397,239.253733,518.066274,0.0,0.0,0.0,0.0,0.0,0.0,0.0,0.0,0.0,0.0,0.0,0.0,6.0,6.0,6.0,20.0,20.0,20.0,0.0,0.0,0.0,0.0,-0.0,0.0,-129.541321,-208.743998,-78.333396,-129.541321,-208.743998,-78.333396,-129.541321,-208.743998,-78.333396,-129.541321,-208.743998,-78.333396,727.330025,490.010693,971.891575,727.330025,490.010693,971.891575,0.0,0.0,0.0,-5.39086,-8.831324,0.0,-125.009493,-191.862356,-75.170185,-0.141356,-0.225221,-0.077124,-7168.497385,-11217.429496,-4245.6211,0.0,-0.0,0.0,0.0,-0.0,0.0,0.0,0.0,0.0,0.0,0.0,0.0,0.0,0.0,0.0,-1.0,-1.0,0.0,-1.0,-1.0,0.0,0.0,0.0,0.0,-6.0,-6.0,-2.45,-6.0,-6.0,-2.45,-6.0,-6.0,-2.45,0.0,-0.0,0.0,43639.8015,29400.641601,58313.494501,0.0,-0.0,0.0,0.0,-0.0,0.0,0.0,0.0,0.0,1.0,1.0,1.0,0.0,0.0,0.0,0.0,0.0,0.0,0.0,0.0,0.0,0.0,0.0,0.0,0.0,0.0,0.0,0.0,0.0,0.0,0.0,0.0,0.0,-129.541321,-208.743998,-78.333396,0.0,0.0,0.0,0.0,0.0,0.0,0.0,0.0,0.0,0.0,0.0,0.0,0.0,0.0,0.0,0.0,0.0,0.0,-129.541321,-208.743998,-78.333396
P0,60,A,10,6,20,plain-older,911.25406,685.230897,1171.639659,182.604353,95.474301,281.840029,539.923914,411.8459,710.179941,527.55126,416.651844,703.243795,839.109113,628.133648,1093.027307,0.0,0.0,0.0,0.0,0.0,0.0,0.0,0.0,0.0,5.83596,0.0,12.126491,182.604353,95.474301,281.840029,0.191992,0.115333,0.305519,10677.339982,5479.117706,16567.581192,8.229778,0.0,243.201126,0.152605,0.073209,0.291136,2.0,0.0,4.55,4.0,0.0,10.55,0.0,0.0,1.0,1.0,1.0,1.0,1.0,1.0,1.0,20.0,20.0,21.0,6.0,6.0,6.0,6.0,6.0,6.0,6.0,6.0,6.0,54451.845859,40854.496446,69976.718713,0.0,0.0,0.0,0.005274,0.002586,0.007456,0.006023,0.003634,0.009167,20.0,20.0,21.0,0.0,0.0,0.0,0.0,0.0,0.0,0.0,0.0,0.0,0.0,0.0,0.0,0.0,0.0,0.0,0.0,0.0,0.0,0.0,0.0,0.0,20.0,20.0,20.0,539.923914,411.8459,710.179941,0.0,0.0,0.0,0.0,0.0,0.0,0.0,0.0,0.0,0.0,0.0,0.0,6.0,6.0,6.0,20.0,20.0,20.0,182.604353,95.474301,281.840029,0.0,0.0,0.0,0.0,0.0,0.0,0.0,0.0,0.0,0.0,0.0,0.0,0.0,0.0,0.0,0.0,0.0,0.0,0.0,0.0,0.0,0.0,0.0,0.0,0.0,0.0,0.0,0.0,0.0,0.0,0.0,0.0,0.0,0.0,0.0,0.0,0.0,0.0,0.0,0.0,0.0,0.0,0.0,0.0,0.0,0.0,0.0,0.0,0.0,0.0,0.0,0.0,0.0,0.0,0.0,0.0,0.0,0.0,0.0,0.0,0.0,0.0,0.0,0.0,0.0,0.0,0.0,0.0,0.0,0.0,0.0,0.0,0.0,0.0,0.0,0.0,0.0,0.0,0.0,0.0,0.0,0.0,0.0,0.0,0.0,0.0,0.0,0.0,0.0,0.0,0.0,0.0,0.0,0.0,0.0,0.0,0.0,0.0,0.0,0.0,0.0,0.0,0.0,0.0,0.0,0.0,0.0,0.0,0.0,0.0,0.0,0.0,0.0,0.0,0.0,0.0,0.0,0.0,0.0,0.0,0.0,0.0,0.0,0.0,0.0,0.0,0.0,0.0,0.0,0.0,0.0,0.0
P1a,60,A,10,6,20,plain-older,911.25406,685.230897,1171.639659,0.0,0.0,0.0,533.196848,403.589025,698.648512,527.55126,416.651844,703.243795,839.109113,628.133648,1093.027307,40.663333,0.450231,113.784031,40.663333,0.450231,113.784031,0.0,0.0,0.0,5.83596,0.0,12.126491,182.604353,95.474301,281.840029,0.191992,0.115333,0.305519,10677.339982,5479.117706,16567.581192,8.229778,0.0,243.201126,0.152605,0.073209,0.291136,2.0,0.0,4.55,4.0,0.0,10.55,0.0,0.0,1.0,1.0,1.0,1.0,1.0,1.0,1.0,20.0,20.0,21.0,6.0,6.0,6.0,6.0,6.0,6.0,6.0,6.0,6.0,54451.845859,40854.496446,69976.718713,2439.8,27.01385,6827.04185,0.005274,0.002586,0.007456,0.006023,0.003634,0.009167,20.0,20.0,21.0,1.0,1.0,1.0,0.0,0.0,0.0,0.0,0.0,0.0,0.0,0.0,0.0,0.0,0.0,0.0,0.0,0.0,0.0,0.0,0.0,0.0,20.0,20.0,20.0,533.196848,403.589025,698.648512,0.0,0.0,0.0,0.0,0.0,0.0,0.0,0.0,0.0,0.0,0.0,0.0,6.0,6.0,6.0,20.0,20.0,20.0,0.0,0.0,0.0,0.0,0.0,0.0,-182.604353,-281.840029,-95.474301,-9.130218,-14.092001,-4.773715,0.0,0.0,0.0,0.0,0.0,0.0,40.663333,0.450231,113.784031,40.663333,0.450231,113.784031,0.0,0.0,0.0,0.0,0.0,0.0,0.0,-0.0,0.0,0.0,0.0,0.0,0.0,-0.0,0.0,0.0,-0.0,0.0,0.0,-0.0,0.0,0.0,0.0,0.0,0.0,0.0,0.0,0.0,0.0,0.0,0.0,0.0,0.0,0.0,0.0,0.0,0.0,0.0,0.0,0.0,0.0,0.0,0.0,0.0,0.0,0.0,0.0,0.0,0.0,-0.0,0.0,2439.8,27.01385,6827.04185,0.0,-0.0,0.0,0.0,-0.0,0.0,0.0,0.0,0.0,1.0,1.0,1.0,0.0,0.0,0.0,0.0,0.0,0.0,0.0,0.0,0.0,0.0,0.0,0.0,0.0,0.0,0.0,0.0,0.0,0.0,0.0,0.0,0.0,-9.130218,-14.092001,-4.773715,0.0,0.0,0.0,0.0,0.0,0.0,0.0,0.0,0.0,0.0,0.0,0.0,0.0,0.0,0.0,0.0,0.0,0.0,-182.604353,-281.840029,-95.474301
P1b,60,A,10,6,20,plain-older,911.25406,685.230897,1171.639659,0.0,0.0,0.0,533.196848,403.589025,698.648512,527.55126,416.651844,703.243795,839.109113,628.133648,1093.027307,40.663333,0.450231,113.784031,40.663333,0.450231,113.784031,0.0,0.0,0.0,5.83596,0.0,12.126491,182.604353,95.474301,281.840029,0.191992,0.115333,0.305519,10677.339982,5479.117706,16567.581192,8.229778,0.0,243.201126,0.152605,0.073209,0.291136,2.0,0.0,4.55,4.0,0.0,10.55,0.0,0.0,1.0,1.0,1.0,1.0,1.0,1.0,1.0,20.0,20.0,21.0,6.0,6.0,6.0,6.0,6.0,6.0,6.0,6.0,6.0,54451.845859,40854.496446,69976.718713,2439.8,27.01385,6827.04185,0.005274,0.002586,0.007456,0.006023,0.003634,0.009167,20.0,20.0,21.0,1.0,1.0,1.0,0.0,0.0,0.0,0.0,0.0,0.0,0.0,0.0,0.0,0.0,0.0,0.0,0.0,0.0,0.0,0.0,0.0,0.0,20.0,20.0,20.0,533.196848,403.589025,698.648512,0.0,0.0,0.0,0.0,0.0,0.0,0.0,0.0,0.0,0.0,0.0,0.0,6.0,6.0,6.0,20.0,20.0,20.0,0.0,0.0,0.0,0.0,0.0,0.0,-182.604353,-281.840029,-95.474301,-9.130218,-14.092001,-4.773715,0.0,0.0,0.0,0.0,0.0,0.0,40.663333,0.450231,113.784031,40.663333,0.450231,113.784031,0.0,0.0,0.0,0.0,0.0,0.0,0.0,-0.0,0.0,0.0,0.0,0.0,0.0,-0.0,0.0,0.0,-0.0,0.0,0.0,-0.0,0.0,0.0,0.0,0.0,0.0,0.0,0.0,0.0,0.0,0.0,0.0,0.0,0.0,0.0,0.0,0.0,0.0,0.0,0.0,0.0,0.0,0.0,0.0,0.0,0.0,0.0,0.0,0.0,0.0,-0.0,0.0,2439.8,27.01385,6827.04185,0.0,-0.0,0.0,0.0,-0.0,0.0,0.0,0.0,0.0,1.0,1.0,1.0,0.0,0.0,0.0,0.0,0.0,0.0,0.0,0.0,0.0,0.0,0.0,0.0,0.0,0.0,0.0,0.0,0.0,0.0,0.0,0.0,0.0,-9.130218,-14.092001,-4.773715,0.0,0.0,0.0,0.0,0.0,0.0,0.0,0.0,0.0,0.0,0.0,0.0,0.0,0.0,0.0,0.0,0.0,0.0,-182.604353,-281.840029,-95.474301
P1d,60,A,10,6,20,plain-older,911.25406,685.230897,1171.639659,0.0,0.0,0.0,362.150397,239.253733,518.066274,358.851575,214.634707,494.728712,658.708754,428.78219,922.949813,727.330025,490.010693,971.891575,727.330025,490.010693,971.891575,0.0,0.0,0.0,0.0,0.0,0.0,0.0,0.0,140.0,0.0,0.0,0.146115,0.0,0.0,8312.0,8.229778,0.0,243.201126,0.152605,0.073209,0.291136,2.0,0.0,4.55,4.0,0.0,10.55,0.0,0.0,1.0,0.0,0.0,1.0,0.0,0.0,1.0,20.0,20.0,21.0,0.0,0.0,4.0,0.0,0.0,4.0,0.0,0.0,4.0,54451.845859,40854.496446,69976.718713,43639.8015,29400.641601,58313.494501,0.005274,0.002586,0.007456,0.006023,0.003634,0.009167,20.0,20.0,21.0,1.0,1.0,1.0,0.0,0.0,0.0,0.0,0.0,0.0,0.0,0.0,0.0,0.0,0.0,0.0,0.0,0.0,0.0,0.0,0.0,0.0,20.0,20.0,20.0,362.150397,239.253733,518.066274,0.0,0.0,0.0,0.0,0.0,0.0,0.0,0.0,0.0,0.0,0.0,0.0,6.0,6.0,6.0,20.0,20.0,20.0,0.0,0.0,0.0,0.0,-0.0,0.0,-182.604353,-281.840029,-95.474301,-182.604353,-281.840029,-95.474301,-182.604353,-281.840029,-95.474301,-182.604353,-281.840029,-95.474301,727.330025,490.010693,971.891575,727.330025,490.010693,971.891575,0.0,0.0,0.0,-5.83596,-12.126491,0.0,-142.149103,-260.003511,-90.100739,-0.175041,-0.282942,-0.096127,-8139.643522,-15287.004289,-5123.476806,0.0,-0.0,0.0,0.0,-0.0,0.0,0.0,0.0,0.0,0.0,0.0,0.0,0.0,0.0,0.0,-1.0,-1.0,0.0,-1.0,-1.0,0.0,0.0,0.0,0.0,-6.0,-6.0,-2.0,-6.0,-6.0,-2.0,-6.0,-6.0,-2.0,0.0,-0.0,0.0,43639.8015,29400.641601,58313.494501,0.0,-0.0,0.0,0.0,-0.0,0.0,0.0,0.0,0.0,1.0,1.0,1.0,0.0,0.0,0.0,0.0,0.0,0.0,0.0,0.0,0.0,0.0,0.0,0.0,0.0,0.0,0.0,0.0,0.0,0.0,0.0,0.0,0.0,-182.604353,-281.840029,-95.474301,0.0,0.0,0.0,0.0,0.0,0.0,0.0,0.0,0.0,0.0,0.0,0.0,0.0,0.0,0.0,0.0,0.0,0.0,-182.604353,-281.840029,-95.474301
P0,60,A,20,6,20,plain-older,1108.111617,757.596209,1384.486576,377.455855,168.798624,461.455651,740.402692,478.014504,888.474427,722.76358,473.668289,887.35772,1008.823615,700.49896,1263.340973,0.0,0.0,0.0,0.0,0.0,0.0,0.0,0.0,0.0,0.0,0.0,20.213871,377.455855,168.798624,461.455651,0.30913,0.189537,0.411686,22263.820159,9818.361748,26928.065282,168.390853,0.0,551.489869,0.29651,0.184428,0.400021,4.0,1.0,5.0,8.0,1.45,11.0,1.0,0.0,2.0,1.0,1.0,1.0,1.0,1.0,1.0,21.0,20.0,22.0,6.0,6.0,6.0,6.0,6.0,6.0,6.0,6.0,6.0,65905.529097,45173.159752,82425.780741,0.0,0.0,0.0,0.004522,0.002265,0.006096,0.006662,0.00482,0.010667,21.0,20.0,22.0,0.0,0.0,0.0,0.0,0.0,0.0,0.0,0.0,0.0,0.0,0.0,0.0,0.0,0.0,0.0,0.0,0.0,0.0,0.0,0.0,0.0,20.0,20.0,20.0,740.402692,478.014504,888.474427,0.0,0.0,0.0,0.0,0.0,0.0,0.0,0.0,0.0,0.0,0.0,0.0,6.0,6.0,6.0,20.0,20.0,20.0,377.455855,168.798624,461.455651,0.0,0.0,0.0,0.0,0.0,0.0,0.0,0.0,0.0,0.0,0.0,0.0,0.0,0.0,0.0,0.0,0.0,0.0,0.0,0.0,0.0,0.0,0.0,0.0,0.0,0.0,0.0,0.0,0.0,0.0,0.0,0.0,0.0,0.0,0.0,0.0,0.0,0.0,0.0,0.0,0.0,0.0,0.0,0.0,0.0,0.0,0.0,0.0,0.0,0.0,0.0,0.0,0.0,0.0,0.0,0.0,0.0,0.0,0.0,0.0,0.0,0.0,0.0,0.0,0.0,0.0,0.0,0.0,0.0,0.0,0.0,0.0,0.0,0.0,0.0,0.0,0.0,0.0,0.0,0.0,0.0,0.0,0.0,0.0,0.0,0.0,0.0,0.0,0.0,0.0,0.0,0.0,0.0,0.0,0.0,0.0,0.0,0.0,0.0,0.0,0.0,0.0,0.0,0.0,0.0,0.0,0.0,0.0,0.0,0.0,0.0,0.0,0.0,0.0,0.0,0.0,0.0,0.0,0.0,0.0,0.0,0.0,0.0,0.0,0.0,0.0,0.0,0.0,0.0,0.0,0.0,0.0
P1a,60,A,20,6,20,plain-older,1108.111617,757.596209,1384.486576,0.0,0.0,0.0,719.753282,466.868691,863.742962,722.76358,473.668289,887.35772,1008.823615,700.49896,1263.340973,40.663333,0.450231,113.784031,40.663333,0.450231,113.784031,0.0,0.0,0.0,0.0,0.0,20.213871,377.455855,168.798624,461.455651,0.30913,0.189537,0.411686,22263.820159,9818.361748,26928.065282,168.390853,0.0,551.489869,0.29651,0.184428,0.400021,4.0,1.0,5.0,8.0,1.45,11.0,1.0,0.0,2.0,1.0,1.0,1.0,1.0,1.0,1.0,21.0,20.0,22.0,6.0,6.0,6.0,6.0,6.0,6.0,6.0,6.0,6.0,65905.529097,45173.159752,82425.780741,2439.8,27.01385,6827.04185,0.004522,0.002265,0.006096,0.006662,0.00482,0.010667,21.0,20.0,22.0,1.0,1.0,1.0,0.0,0.0,0.0,0.0,0.0,0.0,0.0,0.0,0.0,0.0,0.0,0.0,0.0,0.0,0.0,0.0,0.0,0.0,20.0,20.0,20.0,719.753282,466.868691,863.742962,0.0,0.0,0.0,0.0,0.0,0.0,0.0,0.0,0.0,0.0,0.0,0.0,6.0,6.0,6.0,20.0,20.0,20.0,0.0,0.0,0.0,0.0,0.0,0.0,-377.455855,-461.455651,-168.798624,-18.872793,-23.072783,-8.439931,0.0,0.0,0.0,0.0,0.0,0.0,40.663333,0.450231,113.784031,40.663333,0.450231,113.784031,0.0,0.0,0.0,0.0,-0.0,0.0,0.0,-0.0,0.0,0.0,-0.0,0.0,0.0,-0.0,0.0,0.0,-0.0,0.0,0.0,-0.0,0.0,0.0,0.0,0.0,0.0,0.0,0.0,0.0,0.0,0.0,0.0,0.0,0.0,0.0,0.0,0.0,0.0,0.0,0.0,0.0,0.0,0.0,0.0,0.0,0.0,0.0,0.0,0.0,0.0,-0.0,0.0,2439.8,27.01385,6827.04185,0.0,-0.0,0.0,0.0,-0.0,0.0,0.0,0.0,0.0,1.0,1.0,1.0,0.0,0.0,0.0,0.0,0.0,0.0,0.0,0.0,0.0,0.0,0.0,0.0,0.0,0.0,0.0,0.0,0.0,0.0,0.0,0.0,0.0,-18.872793,-23.072783,-8.439931,0.0,0.0,0.0,0.0,0.0,0.0,0.0,0.0,0.0,0.0,0.0,0.0,0.0,0.0,0.0,0.0,0.0,0.0,-377.455855,-461.455651,-168.798624
P1b,60,A,20,6,20,plain-older,1108.111617,757.596209,1384.486576,0.0,0.0,0.0,719.753282,466.868691,863.742962,722.76358,473.668289,887.35772,1008.823615,700.49896,1263.340973,40.663333,0.450231,113.784031,40.663333,0.450231,113.784031,0.0,0.0,0.0,0.0,0.0,20.213871,377.455855,168.798624,461.455651,0.30913,0.189537,0.411686,22263.820159,9818.361748,26928.065282,168.390853,0.0,551.489869,0.29651,0.184428,0.400021,4.0,1.0,5.0,8.0,1.45,11.0,1.0,0.0,2.0,1.0,1.0,1.0,1.0,1.0,1.0,21.0,20.0,22.0,6.0,6.0,6.0,6.0,6.0,6.0,6.0,6.0,6.0,65905.529097,45173.159752,82425.780741,2439.8,27.01385,6827.04185,0.004522,0.002265,0.006096,0.006662,0.00482,0.010667,21.0,20.0,22.0,1.0,1.0,1.0,0.0,0.0,0.0,0.0,0.0,0.0,0.0,0.0,0.0,0.0,0.0,0.0,0.0,0.0,0.0,0.0,0.0,0.0,20.0,20.0,20.0,719.753282,466.868691,863.742962,0.0,0.0,0.0,0.0,0.0,0.0,0.0,0.0,0.0,0.0,0.0,0.0,6.0,6.0,6.0,20.0,20.0,20.0,0.0,0.0,0.0,0.0,0.0,0.0,-377.455855,-461.455651,-168.798624,-18.872793,-23.072783,-8.439931,0.0,0.0,0.0,0.0,0.0,0.0,40.663333,0.450231,113.784031,40.663333,0.450231,113.784031,0.0,0.0,0.0,0.0,-0.0,0.0,0.0,-0.0,0.0,0.0,-0.0,0.0,0.0,-0.0,0.0,0.0,-0.0,0.0,0.0,-0.0,0.0,0.0,0.0,0.0,0.0,0.0,0.0,0.0,0.0,0.0,0.0,0.0,0.0,0.0,0.0,0.0,0.0,0.0,0.0,0.0,0.0,0.0,0.0,0.0,0.0,0.0,0.0,0.0,0.0,-0.0,0.0,2439.8,27.01385,6827.04185,0.0,-0.0,0.0,0.0,-0.0,0.0,0.0,0.0,0.0,1.0,1.0,1.0,0.0,0.0,0.0,0.0,0.0,0.0,0.0,0.0,0.0,0.0,0.0,0.0,0.0,0.0,0.0,0.0,0.0,0.0,0.0,0.0,0.0,-18.872793,-23.072783,-8.439931,0.0,0.0,0.0,0.0,0.0,0.0,0.0,0.0,0.0,0.0,0.0,0.0,0.0,0.0,0.0,0.0,0.0,0.0,-377.455855,-461.455651,-168.798624
P1d,60,A,20,6,20,plain-older,1108.111617,757.596209,1384.486576,0.0,0.0,0.0,362.150397,239.253733,518.066274,358.851575,214.634707,494.728712,658.708754,428.78219,922.949813,727.330025,490.010693,971.891575,727.330025,490.010693,971.891575,0.0,0.0,0.0,0.0,0.0,0.0,35.0,0.0,256.5,0.029016,0.0,0.224601,2100.0,0.0,15293.5,168.390853,0.0,551.489869,0.29651,0.184428,0.400021,4.0,1.0,5.0,8.0,1.45,11.0,1.0,0.0,2.0,1.0,0.0,1.0,1.0,0.0,1.0,21.0,20.0,22.0,1.0,0.0,4.0,1.0,0.0,4.0,1.0,0.0,4.0,65905.529097,45173.159752,82425.780741,43639.8015,29400.641601,58313.494501,0.004522,0.002265,0.006096,0.006662,0.00482,0.010667,21.0,20.0,22.0,1.0,1.0,1.0,0.0,0.0,0.0,0.0,0.0,0.0,0.0,0.0,0.0,0.0,0.0,0.0,0.0,0.0,0.0,0.0,0.0,0.0,20.0,20.0,20.0,362.150397,239.253733,518.066274,0.0,0.0,0.0,0.0,0.0,0.0,0.0,0.0,0.0,0.0,0.0,0.0,6.0,6.0,6.0,20.0,20.0,20.0,0.0,0.0,0.0,0.0,-0.0,0.0,-377.455855,-461.455651,-168.798624,-377.455855,-461.455651,-168.798624,-377.455855,-461.455651,-168.798624,-377.455855,-461.455651,-168.798624,727.330025,490.010693,971.891575,727.330025,490.010693,971.891575,0.0,0.0,0.0,0.0,-20.213871,0.0,-264.618713,-417.281242,-147.40683,-0.230365,-0.399337,-0.133869,-15551.025264,-24506.608856,-8421.770966,0.0,-0.0,0.0,0.0,-0.0,0.0,0.0,0.0,0.0,0.0,0.0,0.0,0.0,0.0,0.0,0.0,-1.0,0.0,0.0,-1.0,0.0,0.0,0.0,0.0,-5.0,-6.0,-2.0,-5.0,-6.0,-2.0,-5.0,-6.0,-2.0,0.0,-0.0,0.0,43639.8015,29400.641601,58313.494501,0.0,-0.0,0.0,0.0,-0.0,0.0,0.0,0.0,0.0,1.0,1.0,1.0,0.0,0.0,0.0,0.0,0.0,0.0,0.0,0.0,0.0,0.0,0.0,0.0,0.0,0.0,0.0,0.0,0.0,0.0,0.0,0.0,0.0,-377.455855,-461.455651,-168.798624,0.0,0.0,0.0,0.0,0.0,0.0,0.0,0.0,0.0,0.0,0.0,0.0,0.0,0.0,0.0,0.0,0.0,0.0,-377.455855,-461.455651,-168.798624
P0,60,A,5,6,20,plain-younger,866.937874,664.385897,1089.511542,129.541321,78.333396,208.743998,504.488637,381.927282,615.805271,493.279672,352.338979,628.779403,795.45052,607.288648,1045.774096,0.0,0.0,0.0,0.0,0.0,0.0,0.0,0.0,0.0,5.39086,0.0,8.831324,129.541321,78.333396,208.743998,0.154803,0.09195,0.240664,7421.967818,4473.29179,12254.2865,0.0,0.0,64.93781,0.079709,0.031324,0.204532,1.5,0.0,4.0,3.0,0.0,10.55,0.0,0.0,1.0,1.0,1.0,1.0,1.0,1.0,1.0,20.0,20.0,21.0,6.0,6.0,6.0,6.0,6.0,6.0,6.0,6.0,6.0,51661.550547,39576.073565,65054.305059,0.0,0.0,0.0,0.005614,0.003092,0.007782,0.005942,0.003524,0.008665,20.0,20.0,21.0,0.0,0.0,0.0,0.0,0.0,0.0,0.0,0.0,0.0,0.0,0.0,0.0,0.0,0.0,0.0,0.0,0.0,0.0,0.0,0.0,0.0,20.0,20.0,20.0,504.488637,381.927282,615.805271,0.0,0.0,0.0,0.0,0.0,0.0,0.0,0.0,0.0,0.0,0.0,0.0,6.0,6.0,6.0,20.0,20.0,20.0,129.541321,78.333396,208.743998,0.0,0.0,0.0,0.0,0.0,0.0,0.0,0.0,0.0,0.0,0.0,0.0,0.0,0.0,0.0,0.0,0.0,0.0,0.0,0.0,0.0,0.0,0.0,0.0,0.0,0.0,0.0,0.0,0.0,0.0,0.0,0.0,0.0,0.0,0.0,0.0,0.0,0.0,0.0,0.0,0.0,0.0,0.0,0.0,0.0,0.0,0.0,0.0,0.0,0.0,0.0,0.0,0.0,0.0,0.0,0.0,0.0,0.0,0.0,0.0,0.0,0.0,0.0,0.0,0.0,0.0,0.0,0.0,0.0,0.0,0.0,0.0,0.0,0.0,0.0,0.0,0.0,0.0,0.0,0.0,0.0,0.0,0.0,0.0,0.0,0.0,0.0,0.0,0.0,0.0,0.0,0.0,0.0,0.0,0.0,0.0,0.0,0.0,0.0,0.0,0.0,0.0,0.0,0.0,0.0,0.0,0.0,0.0,0.0,0.0,0.0,0.0,0.0,0.0,0.0,0.0,0.0,0.0,0.0,0.0,0.0,0.0,0.0,0.0,0.0,0.0,0.0,0.0,0.0,0.0,0.0,0.0
P1a,60,A,5,6,20,plain-younger,866.937874,664.385897,1089.511542,0.0,0.0,0.0,496.418632,374.855585,611.597463,493.279672,352.338979,628.779403,795.45052,607.288648,1045.774096,40.663333,0.450231,113.784031,40.663333,0.450231,113.784031,0.0,0.0,0.0,5.39086,0.0,8.831324,129.541321,78.333396,208.743998,0.154803,0.09195,0.240664,7421.967818,4473.29179,12254.2865,0.0,0.0,64.93781,0.079709,0.031324,0.204532,1.5,0.0,4.0,3.0,0.0,10.55,0.0,0.0,1.0,1.0,1.0,1.0,1.0,1.0,1.0,20.0,20.0,21.0,6.0,6.0,6.0,6.0,6.0,6.0,6.0,6.0,6.0,51661.550547,39576.073565,65054.305059,2439.8,27.01385,6827.04185,0.005614,0.003092,0.007782,0.005942,0.003524,0.008665,20.0,20.0,21.0,1.0,1.0,1.0,0.0,0.0,0.0,0.0,0.0,0.0,0.0,0.0,0.0,0.0,0.0,0.0,0.0,0.0,0.0,0.0,0.0,0.0,20.0,20.0,20.0,496.418632,374.855585,611.597463,0.0,0.0,0.0,0.0,0.0,0.0,0.0,0.0,0.0,0.0,0.0,0.0,6.0,6.0,6.0,20.0,20.0,20.0,0.0,0.0,0.0,0.0,0.0,0.0,-129.541321,-208.743998,-78.333396,-6.477066,-10.4372,-3.91667,0.0,0.0,0.0,0.0,0.0,0.0,40.663333,0.450231,113.784031,40.663333,0.450231,113.784031,0.0,0.0,0.0,0.0,0.0,0.0,0.0,0.0,0.0,0.0,0.0,0.0,0.0,-0.0,0.0,0.0,-0.0,0.0,0.0,-0.0,0.0,0.0,0.0,0.0,0.0,0.0,0.0,0.0,0.0,0.0,0.0,0.0,0.0,0.0,0.0,0.0,0.0,0.0,0.0,0.0,0.0,0.0,0.0,0.0,0.0,0.0,0.0,0.0,0.0,-0.0,0.0,2439.8,27.01385,6827.04185,0.0,-0.0,0.0,0.0,-0.0,0.0,0.0,0.0,0.0,1.0,1.0,1.0,0.0,0.0,0.0,0.0,0.0,0.0,0.0,0.0,0.0,0.0,0.0,0.0,0.0,0.0,0.0,0.0,0.0,0.0,0.0,0.0,0.0,-6.477066,-10.4372,-3.91667,0.0,0.0,0.0,0.0,0.0,0.0,0.0,0.0,0.0,0.0,0.0,0.0,0.0,0.0,0.0,0.0,0.0,0.0,-129.541321,-208.743998,-78.333396
P1b,60,A,5,6,20,plain-younger,866.937874,664.385897,1089.511542,129.541321,78.333396,208.743998,504.488637,381.927282,615.805271,493.279672,352.338979,628.779403,795.45052,607.288648,1045.774096,0.0,0.0,0.0,0.0,0.0,0.0,0.0,0.0,0.0,5.39086,0.0,8.831324,129.541321,78.333396,208.743998,0.154803,0.09195,0.240664,7421.967818,4473.29179,12254.2865,0.0,0.0,64.93781,0.079709,0.031324,0.204532,1.5,0.0,4.0,3.0,0.0,10.55,0.0,0.0,1.0,1.0,1.0,1.0,1.0,1.0,1.0,20.0,20.0,21.0,6.0,6.0,6.0,6.0,6.0,6.0,6.0,6.0,6.0,51661.550547,39576.073565,65054.305059,0.0,0.0,0.0,0.005614,0.003092,0.007782,0.005942,0.003524,0.008665,20.0,20.0,21.0,0.0,0.0,0.0,0.0,0.0,0.0,0.0,0.0,0.0,0.0,0.0,0.0,0.0,0.0,0.0,0.0,0.0,0.0,0.0,0.0,0.0,20.0,20.0,20.0,504.488637,381.927282,615.805271,0.0,0.0,0.0,0.0,0.0,0.0,0.0,0.0,0.0,0.0,0.0,0.0,6.0,6.0,6.0,20.0,20.0,20.0,129.541321,78.333396,208.743998,0.0,0.0,0.0,0.0,0.0,0.0,0.0,0.0,0.0,0.0,0.0,0.0,0.0,0.0,0.0,0.0,0.0,0.0,0.0,0.0,0.0,0.0,0.0,0.0,0.0,0.0,0.0,0.0,0.0,0.0,0.0,0.0,0.0,0.0,0.0,0.0,0.0,0.0,0.0,0.0,0.0,0.0,0.0,0.0,0.0,0.0,0.0,0.0,0.0,0.0,0.0,0.0,0.0,0.0,0.0,0.0,0.0,0.0,0.0,0.0,0.0,0.0,0.0,0.0,0.0,0.0,0.0,0.0,0.0,0.0,0.0,0.0,0.0,0.0,0.0,0.0,0.0,0.0,0.0,0.0,0.0,0.0,0.0,0.0,0.0,0.0,0.0,0.0,0.0,0.0,0.0,0.0,0.0,0.0,0.0,0.0,0.0,0.0,0.0,0.0,0.0,0.0,0.0,0.0,0.0,0.0,0.0,0.0,0.0,0.0,0.0,0.0,0.0,0.0,0.0,0.0,0.0,0.0,0.0,0.0,0.0,0.0,0.0,0.0,0.0,0.0,0.0,0.0,0.0,0.0,0.0,0.0
P1d,60,A,5,6,20,plain-younger,866.937874,664.385897,1089.511542,129.541321,78.333396,208.743998,504.488637,381.927282,615.805271,493.279672,352.338979,628.779403,795.45052,607.288648,1045.774096,0.0,0.0,0.0,0.0,0.0,0.0,0.0,0.0,0.0,5.39086,0.0,8.831324,129.541321,78.333396,208.743998,0.154803,0.09195,0.240664,7421.967818,4473.29179,12254.2865,0.0,0.0,64.93781,0.079709,0.031324,0.204532,1.5,0.0,4.0,3.0,0.0,10.55,0.0,0.0,1.0,1.0,1.0,1.0,1.0,1.0,1.0,20.0,20.0,21.0,6.0,6.0,6.0,6.0,6.0,6.0,6.0,6.0,6.0,51661.550547,39576.073565,65054.305059,0.0,0.0,0.0,0.005614,0.003092,0.007782,0.005942,0.003524,0.008665,20.0,20.0,21.0,0.0,0.0,0.0,0.0,0.0,0.0,0.0,0.0,0.0,0.0,0.0,0.0,0.0,0.0,0.0,0.0,0.0,0.0,0.0,0.0,0.0,20.0,20.0,20.0,504.488637,381.927282,615.805271,0.0,0.0,0.0,0.0,0.0,0.0,0.0,0.0,0.0,0.0,0.0,0.0,6.0,6.0,6.0,20.0,20.0,20.0,129.541321,78.333396,208.743998,0.0,0.0,0.0,0.0,0.0,0.0,0.0,0.0,0.0,0.0,0.0,0.0,0.0,0.0,0.0,0.0,0.0,0.0,0.0,0.0,0.0,0.0,0.0,0.0,0.0,0.0,0.0,0.0,0.0,0.0,0.0,0.0,0.0,0.0,0.0,0.0,0.0,0.0,0.0,0.0,0.0,0.0,0.0,0.0,0.0,0.0,0.0,0.0,0.0,0.0,0.0,0.0,0.0,0.0,0.0,0.0,0.0,0.0,0.0,0.0,0.0,0.0,0.0,0.0,0.0,0.0,0.0,0.0,0.0,0.0,0.0,0.0,0.0,0.0,0.0,0.0,0.0,0.0,0.0,0.0,0.0,0.0,0.0,0.0,0.0,0.0,0.0,0.0,0.0,0.0,0.0,0.0,0.0,0.0,0.0,0.0,0.0,0.0,0.0,0.0,0.0,0.0,0.0,0.0,0.0,0.0,0.0,0.0,0.0,0.0,0.0,0.0,0.0,0.0,0.0,0.0,0.0,0.0,0.0,0.0,0.0,0.0,0.0,0.0,0.0,0.0,0.0,0.0,0.0,0.0,0.0,0.0
P0,60,A,10,6,20,plain-younger,911.25406,685.230897,1171.639659,182.604353,95.474301,281.840029,539.923914,411.8459,710.179941,527.55126,416.651844,703.243795,839.109113,628.133648,1093.027307,0.0,0.0,0.0,0.0,0.0,0.0,0.0,0.0,0.0,5.83596,0.0,12.126491,182.604353,95.474301,281.840029,0.191992,0.115333,0.305519,10677.339982,5479.117706,16567.581192,8.229778,0.0,243.201126,0.152605,0.073209,0.291136,2.0,0.0,4.55,4.0,0.0,10.55,0.0,0.0,1.0,1.0,1.0,1.0,1.0,1.0,1.0,20.0,20.0,21.0,6.0,6.0,6.0,6.0,6.0,6.0,6.0,6.0,6.0,54451.845859,40854.496446,69976.718713,0.0,0.0,0.0,0.005274,0.002586,0.007456,0.006023,0.003634,0.009167,20.0,20.0,21.0,0.0,0.0,0.0,0.0,0.0,0.0,0.0,0.0,0.0,0.0,0.0,0.0,0.0,0.0,0.0,0.0,0.0,0.0,0.0,0.0,0.0,20.0,20.0,20.0,539.923914,411.8459,710.179941,0.0,0.0,0.0,0.0,0.0,0.0,0.0,0.0,0.0,0.0,0.0,0.0,6.0,6.0,6.0,20.0,20.0,20.0,182.604353,95.474301,281.840029,0.0,0.0,0.0,0.0,0.0,0.0,0.0,0.0,0.0,0.0,0.0,0.0,0.0,0.0,0.0,0.0,0.0,0.0,0.0,0.0,0.0,0.0,0.0,0.0,0.0,0.0,0.0,0.0,0.0,0.0,0.0,0.0,0.0,0.0,0.0,0.0,0.0,0.0,0.0,0.0,0.0,0.0,0.0,0.0,0.0,0.0,0.0,0.0,0.0,0.0,0.0,0.0,0.0,0.0,0.0,0.0,0.0,0.0,0.0,0.0,0.0,0.0,0.0,0.0,0.0,0.0,0.0,0.0,0.0,0.0,0.0,0.0,0.0,0.0,0.0,0.0,0.0,0.0,0.0,0.0,0.0,0.0,0.0,0.0,0.0,0.0,0.0,0.0,0.0,0.0,0.0,0.0,0.0,0.0,0.0,0.0,0.0,0.0,0.0,0.0,0.0,0.0,0.0,0.0,0.0,0.0,0.0,0.0,0.0,0.0,0.0,0.0,0.0,0.0,0.0,0.0,0.0,0.0,0.0,0.0,0.0,0.0,0.0,0.0,0.0,0.0,0.0,0.0,0.0,0.0,0.0,0.0
P1a,60,A,10,6,20,plain-younger,911.25406,685.230897,1171.639659,0.0,0.0,0.0,533.196848,403.589025,698.648512,527.55126,416.651844,703.243795,839.109113,628.133648,1093.027307,40.663333,0.450231,113.784031,40.663333,0.450231,113.784031,0.0,0.0,0.0,5.83596,0.0,12.126491,182.604353,95.474301,281.840029,0.191992,0.115333,0.305519,10677.339982,5479.117706,16567.581192,8.229778,0.0,243.201126,0.152605,0.073209,0.291136,2.0,0.0,4.55,4.0,0.0,10.55,0.0,0.0,1.0,1.0,1.0,1.0,1.0,1.0,1.0,20.0,20.0,21.0,6.0,6.0,6.0,6.0,6.0,6.0,6.0,6.0,6.0,54451.845859,40854.496446,69976.718713,2439.8,27.01385,6827.04185,0.005274,0.002586,0.007456,0.006023,0.003634,0.009167,20.0,20.0,21.0,1.0,1.0,1.0,0.0,0.0,0.0,0.0,0.0,0.0,0.0,0.0,0.0,0.0,0.0,0.0,0.0,0.0,0.0,0.0,0.0,0.0,20.0,20.0,20.0,533.196848,403.589025,698.648512,0.0,0.0,0.0,0.0,0.0,0.0,0.0,0.0,0.0,0.0,0.0,0.0,6.0,6.0,6.0,20.0,20.0,20.0,0.0,0.0,0.0,0.0,0.0,0.0,-182.604353,-281.840029,-95.474301,-9.130218,-14.092001,-4.773715,0.0,0.0,0.0,0.0,0.0,0.0,40.663333,0.450231,113.784031,40.663333,0.450231,113.784031,0.0,0.0,0.0,0.0,0.0,0.0,0.0,-0.0,0.0,0.0,0.0,0.0,0.0,-0.0,0.0,0.0,-0.0,0.0,0.0,-0.0,0.0,0.0,0.0,0.0,0.0,0.0,0.0,0.0,0.0,0.0,0.0,0.0,0.0,0.0,0.0,0.0,0.0,0.0,0.0,0.0,0.0,0.0,0.0,0.0,0.0,0.0,0.0,0.0,0.0,-0.0,0.0,2439.8,27.01385,6827.04185,0.0,-0.0,0.0,0.0,-0.0,0.0,0.0,0.0,0.0,1.0,1.0,1.0,0.0,0.0,0.0,0.0,0.0,0.0,0.0,0.0,0.0,0.0,0.0,0.0,0.0,0.0,0.0,0.0,0.0,0.0,0.0,0.0,0.0,-9.130218,-14.092001,-4.773715,0.0,0.0,0.0,0.0,0.0,0.0,0.0,0.0,0.0,0.0,0.0,0.0,0.0,0.0,0.0,0.0,0.0,0.0,-182.604353,-281.840029,-95.474301
P1b,60,A,10,6,20,plain-younger,911.25406,685.230897,1171.639659,182.604353,95.474301,281.840029,539.923914,411.8459,710.179941,527.55126,416.651844,703.243795,839.109113,628.133648,1093.027307,0.0,0.0,0.0,0.0,0.0,0.0,0.0,0.0,0.0,5.83596,0.0,12.126491,182.604353,95.474301,281.840029,0.191992,0.115333,0.305519,10677.339982,5479.117706,16567.581192,8.229778,0.0,243.201126,0.152605,0.073209,0.291136,2.0,0.0,4.55,4.0,0.0,10.55,0.0,0.0,1.0,1.0,1.0,1.0,1.0,1.0,1.0,20.0,20.0,21.0,6.0,6.0,6.0,6.0,6.0,6.0,6.0,6.0,6.0,54451.845859,40854.496446,69976.718713,0.0,0.0,0.0,0.005274,0.002586,0.007456,0.006023,0.003634,0.009167,20.0,20.0,21.0,0.0,0.0,0.0,0.0,0.0,0.0,0.0,0.0,0.0,0.0,0.0,0.0,0.0,0.0,0.0,0.0,0.0,0.0,0.0,0.0,0.0,20.0,20.0,20.0,539.923914,411.8459,710.179941,0.0,0.0,0.0,0.0,0.0,0.0,0.0,0.0,0.0,0.0,0.0,0.0,6.0,6.0,6.0,20.0,20.0,20.0,182.604353,95.474301,281.840029,0.0,0.0,0.0,0.0,0.0,0.0,0.0,0.0,0.0,0.0,0.0,0.0,0.0,0.0,0.0,0.0,0.0,0.0,0.0,0.0,0.0,0.0,0.0,0.0,0.0,0.0,0.0,0.0,0.0,0.0,0.0,0.0,0.0,0.0,0.0,0.0,0.0,0.0,0.0,0.0,0.0,0.0,0.0,0.0,0.0,0.0,0.0,0.0,0.0,0.0,0.0,0.0,0.0,0.0,0.0,0.0,0.0,0.0,0.0,0.0,0.0,0.0,0.0,0.0,0.0,0.0,0.0,0.0,0.0,0.0,0.0,0.0,0.0,0.0,0.0,0.0,0.0,0.0,0.0,0.0,0.0,0.0,0.0,0.0,0.0,0.0,0.0,0.0,0.0,0.0,0.0,0.0,0.0,0.0,0.0,0.0,0.0,0.0,0.0,0.0,0.0,0.0,0.0,0.0,0.0,0.0,0.0,0.0,0.0,0.0,0.0,0.0,0.0,0.0,0.0,0.0,0.0,0.0,0.0,0.0,0.0,0.0,0.0,0.0,0.0,0.0,0.0,0.0,0.0,0.0,0.0,0.0
P1d,60,A,10,6,20,plain-younger,911.25406,685.230897,1171.639659,182.604353,95.474301,281.840029,539.923914,411.8459,710.179941,527.55126,416.651844,703.243795,839.109113,628.133648,1093.027307,0.0,0.0,0.0,0.0,0.0,0.0,0.0,0.0,0.0,5.83596,0.0,12.126491,182.604353,95.474301,281.840029,0.191992,0.115333,0.305519,10677.339982,5479.117706,16567.581192,8.229778,0.0,243.201126,0.152605,0.073209,0.291136,2.0,0.0,4.55,4.0,0.0,10.55,0.0,0.0,1.0,1.0,1.0,1.0,1.0,1.0,1.0,20.0,20.0,21.0,6.0,6.0,6.0,6.0,6.0,6.0,6.0,6.0,6.0,54451.845859,40854.496446,69976.718713,0.0,0.0,0.0,0.005274,0.002586,0.007456,0.006023,0.003634,0.009167,20.0,20.0,21.0,0.0,0.0,0.0,0.0,0.0,0.0,0.0,0.0,0.0,0.0,0.0,0.0,0.0,0.0,0.0,0.0,0.0,0.0,0.0,0.0,0.0,20.0,20.0,20.0,539.923914,411.8459,710.179941,0.0,0.0,0.0,0.0,0.0,0.0,0.0,0.0,0.0,0.0,0.0,0.0,6.0,6.0,6.0,20.0,20.0,20.0,182.604353,95.474301,281.840029,0.0,0.0,0.0,0.0,0.0,0.0,0.0,0.0,0.0,0.0,0.0,0.0,0.0,0.0,0.0,0.0,0.0,0.0,0.0,0.0,0.0,0.0,0.0,0.0,0.0,0.0,0.0,0.0,0.0,0.0,0.0,0.0,0.0,0.0,0.0,0.0,0.0,0.0,0.0,0.0,0.0,0.0,0.0,0.0,0.0,0.0,0.0,0.0,0.0,0.0,0.0,0.0,0.0,0.0,0.0,0.0,0.0,0.0,0.0,0.0,0.0,0.0,0.0,0.0,0.0,0.0,0.0,0.0,0.0,0.0,0.0,0.0,0.0,0.0,0.0,0.0,0.0,0.0,0.0,0.0,0.0,0.0,0.0,0.0,0.0,0.0,0.0,0.0,0.0,0.0,0.0,0.0,0.0,0.0,0.0,0.0,0.0,0.0,0.0,0.0,0.0,0.0,0.0,0.0,0.0,0.0,0.0,0.0,0.0,0.0,0.0,0.0,0.0,0.0,0.0,0.0,0.0,0.0,0.0,0.0,0.0,0.0,0.0,0.0,0.0,0.0,0.0,0.0,0.0,0.0,0.0,0.0
P0,60,A,20,6,20,plain-younger,1108.111617,757.596209,1384.486576,377.455855,168.798624,461.455651,740.402692,478.014504,888.474427,722.76358,473.668289,887.35772,1008.823615,700.49896,1263.340973,0.0,0.0,0.0,0.0,0.0,0.0,0.0,0.0,0.0,0.0,0.0,20.213871,377.455855,168.798624,461.455651,0.30913,0.189537,0.411686,22263.820159,9818.361748,26928.065282,168.390853,0.0,551.489869,0.29651,0.184428,0.400021,4.0,1.0,5.0,8.0,1.45,11.0,1.0,0.0,2.0,1.0,1.0,1.0,1.0,1.0,1.0,21.0,20.0,22.0,6.0,6.0,6.0,6.0,6.0,6.0,6.0,6.0,6.0,65905.529097,45173.159752,82425.780741,0.0,0.0,0.0,0.004522,0.002265,0.006096,0.006662,0.00482,0.010667,21.0,20.0,22.0,0.0,0.0,0.0,0.0,0.0,0.0,0.0,0.0,0.0,0.0,0.0,0.0,0.0,0.0,0.0,0.0,0.0,0.0,0.0,0.0,0.0,20.0,20.0,20.0,740.402692,478.014504,888.474427,0.0,0.0,0.0,0.0,0.0,0.0,0.0,0.0,0.0,0.0,0.0,0.0,6.0,6.0,6.0,20.0,20.0,20.0,377.455855,168.798624,461.455651,0.0,0.0,0.0,0.0,0.0,0.0,0.0,0.0,0.0,0.0,0.0,0.0,0.0,0.0,0.0,0.0,0.0,0.0,0.0,0.0,0.0,0.0,0.0,0.0,0.0,0.0,0.0,0.0,0.0,0.0,0.0,0.0,0.0,0.0,0.0,0.0,0.0,0.0,0.0,0.0,0.0,0.0,0.0,0.0,0.0,0.0,0.0,0.0,0.0,0.0,0.0,0.0,0.0,0.0,0.0,0.0,0.0,0.0,0.0,0.0,0.0,0.0,0.0,0.0,0.0,0.0,0.0,0.0,0.0,0.0,0.0,0.0,0.0,0.0,0.0,0.0,0.0,0.0,0.0,0.0,0.0,0.0,0.0,0.0,0.0,0.0,0.0,0.0,0.0,0.0,0.0,0.0,0.0,0.0,0.0,0.0,0.0,0.0,0.0,0.0,0.0,0.0,0.0,0.0,0.0,0.0,0.0,0.0,0.0,0.0,0.0,0.0,0.0,0.0,0.0,0.0,0.0,0.0,0.0,0.0,0.0,0.0,0.0,0.0,0.0,0.0,0.0,0.0,0.0,0.0,0.0,0.0
P1a,60,A,20,6,20,plain-younger,1108.111617,757.596209,1384.486576,0.0,0.0,0.0,719.753282,466.868691,863.742962,722.76358,473.668289,887.35772,1008.823615,700.49896,1263.340973,40.663333,0.450231,113.784031,40.663333,0.450231,113.784031,0.0,0.0,0.0,0.0,0.0,20.213871,377.455855,168.798624,461.455651,0.30913,0.189537,0.411686,22263.820159,9818.361748,26928.065282,168.390853,0.0,551.489869,0.29651,0.184428,0.400021,4.0,1.0,5.0,8.0,1.45,11.0,1.0,0.0,2.0,1.0,1.0,1.0,1.0,1.0,1.0,21.0,20.0,22.0,6.0,6.0,6.0,6.0,6.0,6.0,6.0,6.0,6.0,65905.529097,45173.159752,82425.780741,2439.8,27.01385,6827.04185,0.004522,0.002265,0.006096,0.006662,0.00482,0.010667,21.0,20.0,22.0,1.0,1.0,1.0,0.0,0.0,0.0,0.0,0.0,0.0,0.0,0.0,0.0,0.0,0.0,0.0,0.0,0.0,0.0,0.0,0.0,0.0,20.0,20.0,20.0,719.753282,466.868691,863.742962,0.0,0.0,0.0,0.0,0.0,0.0,0.0,0.0,0.0,0.0,0.0,0.0,6.0,6.0,6.0,20.0,20.0,20.0,0.0,0.0,0.0,0.0,0.0,0.0,-377.455855,-461.455651,-168.798624,-18.872793,-23.072783,-8.439931,0.0,0.0,0.0,0.0,0.0,0.0,40.663333,0.450231,113.784031,40.663333,0.450231,113.784031,0.0,0.0,0.0,0.0,-0.0,0.0,0.0,-0.0,0.0,0.0,-0.0,0.0,0.0,-0.0,0.0,0.0,-0.0,0.0,0.0,-0.0,0.0,0.0,0.0,0.0,0.0,0.0,0.0,0.0,0.0,0.0,0.0,0.0,0.0,0.0,0.0,0.0,0.0,0.0,0.0,0.0,0.0,0.0,0.0,0.0,0.0,0.0,0.0,0.0,0.0,-0.0,0.0,2439.8,27.01385,6827.04185,0.0,-0.0,0.0,0.0,-0.0,0.0,0.0,0.0,0.0,1.0,1.0,1.0,0.0,0.0,0.0,0.0,0.0,0.0,0.0,0.0,0.0,0.0,0.0,0.0,0.0,0.0,0.0,0.0,0.0,0.0,0.0,0.0,0.0,-18.872793,-23.072783,-8.439931,0.0,0.0,0.0,0.0,0.0,0.0,0.0,0.0,0.0,0.0,0.0,0.0,0.0,0.0,0.0,0.0,0.0,0.0,-377.455855,-461.455651,-168.798624
P1b,60,A,20,6,20,plain-younger,1108.111617,757.596209,1384.486576,377.455855,168.798624,461.455651,740.402692,478.014504,888.474427,722.76358,473.668289,887.35772,1008.823615,700.49896,1263.340973,0.0,0.0,0.0,0.0,0.0,0.0,0.0,0.0,0.0,0.0,0.0,20.213871,377.455855,168.798624,461.455651,0.30913,0.189537,0.411686,22263.820159,9818.361748,26928.065282,168.390853,0.0,551.489869,0.29651,0.184428,0.400021,4.0,1.0,5.0,8.0,1.45,11.0,1.0,0.0,2.0,1.0,1.0,1.0,1.0,1.0,1.0,21.0,20.0,22.0,6.0,6.0,6.0,6.0,6.0,6.0,6.0,6.0,6.0,65905.529097,45173.159752,82425.780741,0.0,0.0,0.0,0.004522,0.002265,0.006096,0.006662,0.00482,0.010667,21.0,20.0,22.0,0.0,0.0,0.0,0.0,0.0,0.0,0.0,0.0,0.0,0.0,0.0,0.0,0.0,0.0,0.0,0.0,0.0,0.0,0.0,0.0,0.0,20.0,20.0,20.0,740.402692,478.014504,888.474427,0.0,0.0,0.0,0.0,0.0,0.0,0.0,0.0,0.0,0.0,0.0,0.0,6.0,6.0,6.0,20.0,20.0,20.0,377.455855,168.798624,461.455651,0.0,0.0,0.0,0.0,0.0,0.0,0.0,0.0,0.0,0.0,0.0,0.0,0.0,0.0,0.0,0.0,0.0,0.0,0.0,0.0,0.0,0.0,0.0,0.0,0.0,0.0,0.0,0.0,0.0,0.0,0.0,0.0,0.0,0.0,0.0,0.0,0.0,0.0,0.0,0.0,0.0,0.0,0.0,0.0,0.0,0.0,0.0,0.0,0.0,0.0,0.0,0.0,0.0,0.0,0.0,0.0,0.0,0.0,0.0,0.0,0.0,0.0,0.0,0.0,0.0,0.0,0.0,0.0,0.0,0.0,0.0,0.0,0.0,0.0,0.0,0.0,0.0,0.0,0.0,0.0,0.0,0.0,0.0,0.0,0.0,0.0,0.0,0.0,0.0,0.0,0.0,0.0,0.0,0.0,0.0,0.0,0.0,0.0,0.0,0.0,0.0,0.0,0.0,0.0,0.0,0.0,0.0,0.0,0.0,0.0,0.0,0.0,0.0,0.0,0.0,0.0,0.0,0.0,0.0,0.0,0.0,0.0,0.0,0.0,0.0,0.0,0.0,0.0,0.0,0.0,0.0,0.0
P1d,60,A,20,6,20,plain-younger,1108.111617,757.596209,1384.486576,377.455855,168.798624,461.455651,740.402692,478.014504,888.474427,722.76358,473.668289,887.35772,1008.823615,700.49896,1263.340973,0.0,0.0,0.0,0.0,0.0,0.0,0.0,0.0,0.0,0.0,0.0,20.213871,377.455855,168.798624,461.455651,0.30913,0.189537,0.411686,22263.820159,9818.361748,26928.065282,168.390853,0.0,551.489869,0.29651,0.184428,0.400021,4.0,1.0,5.0,8.0,1.45,11.0,1.0,0.0,2.0,1.0,1.0,1.0,1.0,1.0,1.0,21.0,20.0,22.0,6.0,6.0,6.0,6.0,6.0,6.0,6.0,6.0,6.0,65905.529097,45173.159752,82425.780741,0.0,0.0,0.0,0.004522,0.002265,0.006096,0.006662,0.00482,0.010667,21.0,20.0,22.0,0.0,0.0,0.0,0.0,0.0,0.0,0.0,0.0,0.0,0.0,0.0,0.0,0.0,0.0,0.0,0.0,0.0,0.0,0.0,0.0,0.0,20.0,20.0,20.0,740.402692,478.014504,888.474427,0.0,0.0,0.0,0.0,0.0,0.0,0.0,0.0,0.0,0.0,0.0,0.0,6.0,6.0,6.0,20.0,20.0,20.0,377.455855,168.798624,461.455651,0.0,0.0,0.0,0.0,0.0,0.0,0.0,0.0,0.0,0.0,0.0,0.0,0.0,0.0,0.0,0.0,0.0,0.0,0.0,0.0,0.0,0.0,0.0,0.0,0.0,0.0,0.0,0.0,0.0,0.0,0.0,0.0,0.0,0.0,0.0,0.0,0.0,0.0,0.0,0.0,0.0,0.0,0.0,0.0,0.0,0.0,0.0,0.0,0.0,0.0,0.0,0.0,0.0,0.0,0.0,0.0,0.0,0.0,0.0,0.0,0.0,0.0,0.0,0.0,0.0,0.0,0.0,0.0,0.0,0.0,0.0,0.0,0.0,0.0,0.0,0.0,0.0,0.0,0.0,0.0,0.0,0.0,0.0,0.0,0.0,0.0,0.0,0.0,0.0,0.0,0.0,0.0,0.0,0.0,0.0,0.0,0.0,0.0,0.0,0.0,0.0,0.0,0.0,0.0,0.0,0.0,0.0,0.0,0.0,0.0,0.0,0.0,0.0,0.0,0.0,0.0,0.0,0.0,0.0,0.0,0.0,0.0,0.0,0.0,0.0,0.0,0.0,0.0,0.0,0.0,0.0,0.0
P0,60,B,5,0,0,shuffled,5484.287947,4962.874746,6185.946575,1957.890119,1774.140119,2153.640119,4156.544539,3836.772514,4537.912512,4258.549776,3878.868614,4649.282249,4586.850555,4160.873189,4987.603552,1004.21471,897.758231,1101.678526,2008.42942,1795.516462,2203.357052,0.0,0.0,0.0,0.0,0.0,186.114012,2025.390119,1882.140119,2168.640119,0.704344,0.654434,0.758105,126034.204074,116791.856674,138446.219382,102381.473501,94583.930953,112212.163365,0.703711,0.654258,0.757846,97.0,91.0,104.1,220.0,205.45,238.0,24.5,19.0,32.1,2.0,2.0,2.0,2.0,2.0,2.0,44.5,39.0,52.1,60.0,60.0,60.0,60.0,60.0,60.0,60.0,60.0,60.0,219561.697691,194633.207923,256927.494175,64967.546691,57206.72371,74590.76835,0.014965,0.013006,0.018909,0.329168,0.292833,0.351015,44.5,39.0,52.1,1.0,1.0,1.0,20.0,20.0,20.0,0.0,0.0,0.0,0.0,0.0,0.0,0.0,0.0,0.0,0.0,0.0,0.0,0.0,0.0,0.0,20.0,20.0,20.0,4156.544539,3836.772514,4537.912512,0.0,0.0,0.0,0.0,0.0,0.0,0.0,0.0,0.0,0.0,0.0,0.0,120.0,120.0,120.0,20.0,20.0,20.0,1957.890119,1774.140119,2153.640119,0.0,0.0,0.0,0.0,0.0,0.0,0.0,0.0,0.0,0.0,0.0,0.0,0.0,0.0,0.0,0.0,0.0,0.0,0.0,0.0,0.0,0.0,0.0,0.0,0.0,0.0,0.0,0.0,0.0,0.0,0.0,0.0,0.0,0.0,0.0,0.0,0.0,0.0,0.0,0.0,0.0,0.0,0.0,0.0,0.0,0.0,0.0,0.0,0.0,0.0,0.0,0.0,0.0,0.0,0.0,0.0,0.0,0.0,0.0,0.0,0.0,0.0,0.0,0.0,0.0,0.0,0.0,0.0,0.0,0.0,0.0,0.0,0.0,0.0,0.0,0.0,0.0,0.0,0.0,0.0,0.0,0.0,0.0,0.0,0.0,0.0,0.0,0.0,0.0,0.0,0.0,0.0,0.0,0.0,0.0,0.0,0.0,0.0,0.0,0.0,0.0,0.0,0.0,0.0,0.0,0.0,0.0,0.0,0.0,0.0,0.0,0.0,0.0,0.0,0.0,0.0,0.0,0.0,0.0,0.0,0.0,0.0,0.0,0.0,0.0,0.0,0.0,0.0,0.0,0.0,0.0,0.0
P1a,60,B,5,0,0,shuffled,5484.287947,4962.874746,6185.946575,0.0,0.0,0.0,3961.492262,3651.408502,4328.983733,4258.549776,3878.868614,4649.282249,4586.850555,4160.873189,4987.603552,1041.662435,916.443525,1171.17284,2026.947211,1828.345551,2289.132873,0.0,0.0,0.0,0.0,0.0,186.114012,2025.390119,1882.140119,2168.640119,0.704344,0.654434,0.758105,126034.204074,116791.856674,138446.219382,102381.473501,94583.930953,112212.163365,0.703711,0.654258,0.757846,97.0,91.0,104.1,220.0,205.45,238.0,24.5,19.0,32.1,2.0,2.0,2.0,2.0,2.0,2.0,44.5,39.0,52.1,60.0,60.0,60.0,60.0,60.0,60.0,60.0,60.0,60.0,219561.697691,194633.207923,256927.494175,66700.743456,59304.3847,78041.458442,0.014965,0.013006,0.018909,0.329168,0.292833,0.351015,44.5,39.0,52.1,2.0,2.0,2.0,19.0,19.0,19.0,0.0,0.0,0.0,0.0,0.0,0.0,0.0,0.0,0.0,0.0,0.0,0.0,0.0,0.0,0.0,20.0,20.0,20.0,3961.492262,3651.408502,4328.983733,0.0,0.0,0.0,0.0,0.0,0.0,0.0,0.0,0.0,0.0,0.0,0.0,120.0,120.0,120.0,20.0,20.0,20.0,0.0,0.0,0.0,0.0,0.0,0.0,-1957.890119,-2153.640119,-1774.140119,-195.052277,-208.539012,-184.141104,0.0,0.0,0.0,0.0,0.0,0.0,42.05545,1.072227,72.243351,40.065358,0.467382,120.208583,0.0,0.0,0.0,0.0,0.0,0.0,0.0,-0.0,0.0,0.0,-0.0,0.0,0.0,-0.0,0.0,0.0,-0.0,0.0,0.0,0.0,0.0,0.0,0.0,0.0,0.0,0.0,0.0,0.0,0.0,0.0,0.0,0.0,0.0,0.0,0.0,0.0,0.0,0.0,0.0,0.0,0.0,0.0,0.0,0.0,0.0,0.0,0.0,0.0,0.0,0.0,0.0,2403.9215,28.0429,7212.515,0.0,-0.0,0.0,0.0,-0.0,0.0,0.0,0.0,0.0,1.0,1.0,1.0,-1.0,-1.0,-1.0,0.0,0.0,0.0,0.0,0.0,0.0,0.0,0.0,0.0,0.0,0.0,0.0,0.0,0.0,0.0,0.0,0.0,0.0,-195.052277,-208.539012,-184.141104,0.0,0.0,0.0,0.0,0.0,0.0,0.0,0.0,0.0,0.0,0.0,0.0,0.0,0.0,0.0,0.0,0.0,0.0,-1957.890119,-2153.640119,-1774.140119
P1b,60,B,5,0,0,shuffled,5484.287947,4962.874746,6185.946575,1920.655428,0.0,2153.640119,4114.983962,3801.507964,4537.912512,4258.549776,3878.868614,4649.282249,4586.850555,4160.873189,4987.603552,1004.21471,897.758231,1107.594935,2008.42942,1795.516462,2214.672205,0.0,0.0,0.0,0.0,0.0,186.114012,2025.390119,1882.140119,2168.640119,0.704344,0.654434,0.758105,126034.204074,116791.856674,138446.219382,102381.473501,94583.930953,112212.163365,0.703711,0.654258,0.757846,97.0,91.0,104.1,220.0,205.45,238.0,24.5,19.0,32.1,2.0,2.0,2.0,2.0,2.0,2.0,44.5,39.0,52.1,60.0,60.0,60.0,60.0,60.0,60.0,60.0,60.0,60.0,219561.697691,194633.207923,256927.494175,65145.82731,57206.72371,74590.76835,0.014965,0.013006,0.018909,0.329168,0.292833,0.351015,44.5,39.0,52.1,1.0,1.0,2.0,20.0,19.0,20.0,0.0,0.0,0.0,0.0,0.0,0.0,0.0,0.0,0.0,0.0,0.0,0.0,0.0,0.0,0.0,20.0,20.0,20.0,4114.983962,3801.507964,4537.912512,0.0,0.0,0.0,0.0,0.0,0.0,0.0,0.0,0.0,0.0,0.0,0.0,120.0,120.0,120.0,20.0,20.0,20.0,1920.655428,0.0,2153.640119,0.0,0.0,0.0,0.0,-2058.390119,0.0,0.0,-203.341104,0.0,0.0,0.0,0.0,0.0,0.0,0.0,0.0,0.0,46.304767,0.0,0.0,70.020497,0.0,0.0,0.0,0.0,0.0,0.0,0.0,0.0,0.0,0.0,0.0,0.0,0.0,0.0,0.0,0.0,0.0,0.0,0.0,0.0,0.0,0.0,0.0,0.0,0.0,0.0,0.0,0.0,0.0,0.0,0.0,0.0,0.0,0.0,0.0,0.0,0.0,0.0,0.0,0.0,0.0,0.0,0.0,0.0,0.0,0.0,0.0,0.0,0.0,0.0,0.0,0.0,0.0,4201.2298,0.0,0.0,0.0,0.0,0.0,0.0,0.0,0.0,0.0,0.0,0.0,1.0,0.0,-1.0,0.0,0.0,0.0,0.0,0.0,0.0,0.0,0.0,0.0,0.0,0.0,0.0,0.0,0.0,0.0,0.0,0.0,0.0,0.0,0.0,-203.341104,0.0,0.0,0.0,0.0,0.0,0.0,0.0,0.0,0.0,0.0,0.0,0.0,0.0,0.0,0.0,0.0,0.0,0.0,0.0,0.0,-2058.390119,0.0
P1d,60,B,5,0,0,shuffled,4188.807312,3623.499815,4932.181308,96.589602,0.0,317.265531,1836.847469,1501.639088,2401.757004,1841.841414,1314.445441,2437.884055,3477.874163,2871.594521,3971.147854,1793.495825,1493.486281,2024.635927,3501.742381,2994.734951,4093.11142,32.381511,0.0,92.181801,348.395255,293.420298,444.878325,537.961936,377.485576,780.815289,0.725563,0.664311,0.766183,173927.198672,146124.770517,196439.563974,5393.976327,2915.968782,10399.403826,0.552751,0.493669,0.631991,51.0,41.0,62.0,116.0,86.9,148.65,13.0,6.45,20.55,19.0,17.0,20.0,19.0,17.0,20.0,33.0,26.45,40.55,6.315789,6.0,7.058824,5.25,4.0,7.0,17.0,13.0,24.55,240315.484476,209361.281648,284042.199316,208051.280113,175637.602126,233084.624464,0.019458,0.01648,0.023452,0.040708,0.033655,0.061345,33.0,26.45,40.55,18.0,16.0,19.0,12.0,9.45,16.0,0.0,0.0,0.0,0.0,0.0,0.0,0.0,0.0,0.0,0.0,0.0,0.0,0.0,0.0,0.0,20.0,20.0,20.0,1836.847469,1501.639088,2401.757004,0.0,0.0,0.0,0.0,0.0,0.0,0.0,0.0,0.0,0.0,0.0,0.0,120.0,120.0,120.0,20.0,20.0,20.0,96.589602,0.0,317.265531,-1277.149051,-1611.611979,-657.959955,-1865.99882,-2103.660436,-1527.977126,-2309.076711,-2697.210291,-1912.547243,-2437.449891,-2979.909196,-1932.545467,-1162.576135,-1514.900522,-630.757806,775.758022,557.429046,974.953861,1466.385534,1029.222394,1913.157587,32.381511,0.0,92.181801,336.968734,84.712547,444.878325,-1466.757846,-1676.166553,-1249.966217,0.006427,-0.022655,0.042833,44492.749959,27021.595748,66951.297482,-96239.589967,-107965.463145,-87930.558708,-0.148886,-0.223818,-0.092027,-45.0,-55.55,-35.45,-104.0,-121.55,-76.35,-12.0,-15.55,-7.9,17.0,15.0,18.0,17.0,15.0,18.0,-12.0,-15.55,-7.9,-53.684211,-54.0,-52.941176,-54.75,-56.0,-53.0,-43.0,-47.0,-35.45,18264.579073,-902.830139,50840.200873,143452.654596,117625.799673,165520.09096,0.004597,0.002308,0.006384,-0.287247,-0.309033,-0.252378,-12.0,-15.55,-7.9,17.0,15.0,18.0,-8.0,-10.55,-4.0,0.0,0.0,0.0,0.0,0.0,0.0,0.0,0.0,0.0,0.0,0.0,0.0,0.0,0.0,0.0,0.0,0.0,0.0,-2309.076711,-2697.210291,-1912.547243,0.0,0.0,0.0,0.0,0.0,0.0,0.0,0.0,0.0,0.0,0.0,0.0,0.0,0.0,0.0,0.0,0.0,0.0,-1865.99882,-2103.660436,-1527.977126
P0,60,B,10,0,0,shuffled,7211.787947,6742.345674,8076.082323,2810.390119,2565.390119,3093.390119,5827.008224,5471.152771,6300.912512,5952.504189,5547.222506,6458.532249,6320.063047,5876.439804,6779.019531,1430.239747,1295.555606,1571.904749,2860.479494,2591.111212,3143.809499,0.0,0.0,0.0,0.0,0.0,270.839012,2910.390119,2740.390119,3111.390119,0.775468,0.732304,0.819899,181069.204074,168706.172621,197464.469382,152575.927057,144899.969853,164562.413365,0.774867,0.732204,0.819706,98.0,92.45,104.1,221.5,206.9,241.55,25.0,19.0,32.1,2.0,2.0,2.0,2.0,2.0,2.0,45.0,39.0,52.1,60.0,60.0,60.0,60.0,60.0,60.0,60.0,60.0,60.0,275331.697691,247378.648101,316803.514925,92375.046691,82057.97371,104720.32865,0.011287,0.010007,0.014043,0.365163,0.331996,0.383143,45.0,39.0,52.1,1.0,1.0,1.0,20.0,20.0,20.0,0.0,0.0,0.0,0.0,0.0,0.0,0.0,0.0,0.0,0.0,0.0,0.0,0.0,0.0,0.0,20.0,20.0,20.0,5827.008224,5471.152771,6300.912512,0.0,0.0,0.0,0.0,0.0,0.0,0.0,0.0,0.0,0.0,0.0,0.0,120.0,120.0,120.0,20.0,20.0,20.0,2810.390119,2565.390119,3093.390119,0.0,0.0,0.0,0.0,0.0,0.0,0.0,0.0,0.0,0.0,0.0,0.0,0.0,0.0,0.0,0.0,0.0,0.0,0.0,0.0,0.0,0.0,0.0,0.0,0.0,0.0,0.0,0.0,0.0,0.0,0.0,0.0,0.0,0.0,0.0,0.0,0.0,0.0,0.0,0.0,0.0,0.0,0.0,0.0,0.0,0.0,0.0,0.0,0.0,0.0,0.0,0.0,0.0,0.0,0.0,0.0,0.0,0.0,0.0,0.0,0.0,0.0,0.0,0.0,0.0,0.0,0.0,0.0,0.0,0.0,0.0,0.0,0.0,0.0,0.0,0.0,0.0,0.0,0.0,0.0,0.0,0.0,0.0,0.0,0.0,0.0,0.0,0.0,0.0,0.0,0.0,0.0,0.0,0.0,0.0,0.0,0.0,0.0,0.0,0.0,0.0,0.0,0.0,0.0,0.0,0.0,0.0,0.0,0.0,0.0,0.0,0.0,0.0,0.0,0.0,0.0,0.0,0.0,0.0,0.0,0.0,0.0,0.0,0.0,0.0,0.0,0.0,0.0,0.0,0.0,0.0,0.0
P1a,60,B,10,0,0,shuffled,7211.787947,6742.345674,8076.082323,0.0,0.0,0.0,5543.469212,5202.413759,6002.308908,5952.504189,5547.222506,6458.532249,6320.063047,5876.439804,6779.019531,1467.912435,1331.062048,1636.92284,2881.947211,2637.203966,3203.893349,0.0,0.0,0.0,0.0,0.0,270.839012,2910.390119,2740.390119,3111.390119,0.775468,0.732304,0.819899,181069.204074,168706.172621,197464.469382,152575.927057,144899.969853,164562.413365,0.774867,0.732204,0.819706,98.0,92.45,104.1,221.5,206.9,241.55,25.0,19.0,32.1,2.0,2.0,2.0,2.0,2.0,2.0,45.0,39.0,52.1,60.0,60.0,60.0,60.0,60.0,60.0,60.0,60.0,60.0,275331.697691,247378.648101,316803.514925,94203.243456,84718.654422,107188.571089,0.011287,0.010007,0.014043,0.365163,0.331996,0.383143,45.0,39.0,52.1,2.0,2.0,2.0,19.0,19.0,19.0,0.0,0.0,0.0,0.0,0.0,0.0,0.0,0.0,0.0,0.0,0.0,0.0,0.0,0.0,0.0,20.0,20.0,20.0,5543.469212,5202.413759,6002.308908,0.0,0.0,0.0,0.0,0.0,0.0,0.0,0.0,0.0,0.0,0.0,0.0,120.0,120.0,120.0,20.0,20.0,20.0,0.0,0.0,0.0,0.0,0.0,0.0,-2810.390119,-3093.390119,-2565.390119,-281.552277,-301.589012,-266.950951,0.0,0.0,0.0,0.0,0.0,0.0,42.05545,1.072227,72.243351,40.065358,0.467382,120.208583,0.0,0.0,0.0,0.0,0.0,0.0,0.0,0.0,0.0,0.0,0.0,0.0,0.0,0.0,0.0,0.0,-0.0,0.0,0.0,0.0,0.0,0.0,0.0,0.0,0.0,0.0,0.0,0.0,0.0,0.0,0.0,0.0,0.0,0.0,0.0,0.0,0.0,0.0,0.0,0.0,0.0,0.0,0.0,0.0,0.0,0.0,0.0,0.0,0.0,0.0,0.0,2403.9215,28.0429,7212.515,0.0,-0.0,0.0,0.0,-0.0,0.0,0.0,0.0,0.0,1.0,1.0,1.0,-1.0,-1.0,-1.0,0.0,0.0,0.0,0.0,0.0,0.0,0.0,0.0,0.0,0.0,0.0,0.0,0.0,0.0,0.0,0.0,0.0,0.0,-281.552277,-301.589012,-266.950951,0.0,0.0,0.0,0.0,0.0,0.0,0.0,0.0,0.0,0.0,0.0,0.0,0.0,0.0,0.0,0.0,0.0,0.0,-2810.390119,-3093.390119,-2565.390119
P1b,60,B,10,0,0,shuffled,7211.787947,6742.345674,8076.082323,2760.655428,0.0,3093.390119,5808.882048,5449.214943,6300.912512,5952.504189,5547.222506,6458.532249,6320.063047,5876.439804,6779.019531,1430.239747,1295.555606,1571.904749,2860.479494,2591.111212,3143.809499,0.0,0.0,0.0,0.0,0.0,270.839012,2910.390119,2740.390119,3111.390119,0.775468,0.732304,0.819899,181069.204074,168706.172621,197464.469382,152575.927057,144899.969853,164562.413365,0.774867,0.732204,0.819706,98.0,92.45,104.1,221.5,206.9,241.55,25.0,19.0,32.1,2.0,2.0,2.0,2.0,2.0,2.0,45.0,39.0,52.1,60.0,60.0,60.0,60.0,60.0,60.0,60.0,60.0,60.0,275331.697691,247378.648101,316803.514925,92375.046691,82057.97371,104720.32865,0.011287,0.010007,0.014043,0.365163,0.331996,0.383143,45.0,39.0,52.1,1.0,1.0,2.0,20.0,19.0,20.0,0.0,0.0,0.0,0.0,0.0,0.0,0.0,0.0,0.0,0.0,0.0,0.0,0.0,0.0,0.0,20.0,20.0,20.0,5808.882048,5449.214943,6300.912512,0.0,0.0,0.0,0.0,0.0,0.0,0.0,0.0,0.0,0.0,0.0,0.0,120.0,120.0,120.0,20.0,20.0,20.0,2760.655428,0.0,3093.390119,0.0,0.0,0.0,0.0,-2953.390119,0.0,0.0,-293.203604,0.0,0.0,0.0,0.0,0.0,0.0,0.0,0.0,0.0,46.304767,0.0,0.0,70.020497,0.0,0.0,0.0,0.0,0.0,0.0,0.0,0.0,0.0,0.0,0.0,0.0,0.0,0.0,0.0,0.0,0.0,0.0,0.0,0.0,0.0,0.0,0.0,0.0,0.0,0.0,0.0,0.0,0.0,0.0,0.0,0.0,0.0,0.0,0.0,0.0,0.0,0.0,0.0,0.0,0.0,0.0,0.0,0.0,0.0,0.0,0.0,0.0,0.0,0.0,0.0,0.0,0.0,4201.2298,0.0,0.0,0.0,0.0,0.0,0.0,0.0,0.0,0.0,0.0,0.0,1.0,0.0,-1.0,0.0,0.0,0.0,0.0,0.0,0.0,0.0,0.0,0.0,0.0,0.0,0.0,0.0,0.0,0.0,0.0,0.0,0.0,0.0,0.0,-293.203604,0.0,0.0,0.0,0.0,0.0,0.0,0.0,0.0,0.0,0.0,0.0,0.0,0.0,0.0,0.0,0.0,0.0,0.0,0.0,0.0,-2953.390119,0.0
P1d,60,B,10,0,0,shuffled,5614.587531,4858.560011,6432.150014,104.089602,0.0,461.770176,2482.938961,2006.493286,3240.002544,2391.52689,1626.741376,3272.438003,4637.131917,3876.410613,5281.09528,2383.515729,2045.434567,2615.867707,4650.822311,4165.878392,5347.516588,27.143326,0.0,80.731081,513.313112,431.307202,656.915699,789.757935,556.90444,1117.890119,0.783726,0.732039,0.822119,247248.6412,218523.51666,271641.038673,10627.528963,6098.852285,16866.957214,0.677492,0.639033,0.737728,58.5,48.9,66.1,135.0,108.8,154.75,15.0,7.9,22.55,19.0,17.0,20.0,19.0,17.0,20.0,35.0,27.9,42.55,6.315789,6.0,7.058824,5.25,4.0,7.0,17.0,13.0,24.55,322193.849059,280193.796463,370990.799366,277206.320998,241029.827776,307068.074077,0.01462,0.012532,0.017503,0.044061,0.033729,0.066303,35.0,27.9,42.55,18.0,16.0,19.0,14.0,12.0,17.0,0.0,0.0,0.0,0.0,0.0,0.0,0.0,0.0,0.0,0.0,0.0,0.0,0.0,0.0,0.0,20.0,20.0,20.0,2482.938961,2006.493286,3240.002544,0.0,0.0,0.0,0.0,0.0,0.0,0.0,0.0,0.0,0.0,0.0,0.0,120.0,120.0,120.0,20.0,20.0,20.0,104.089602,0.0,461.770176,-1566.304523,-2082.796251,-1211.14091,-2696.721983,-3013.390119,-2363.977126,-3307.811797,-3827.658889,-2867.566359,-3514.286322,-4274.010179,-2899.62956,-1624.796458,-2297.674637,-1240.664223,952.679865,700.728805,1130.964998,1832.526894,1328.290737,2272.857505,27.143326,0.0,80.731081,498.502125,171.224945,656.915699,-2093.12254,-2395.916553,-1837.58228,-0.003975,-0.025348,0.021043,68259.860178,43882.281972,84014.457769,-141516.701945,-156175.987867,-133859.135859,-0.092871,-0.140196,-0.04746,-38.5,-48.55,-33.0,-89.5,-109.65,-68.9,-10.0,-13.0,-5.45,17.0,15.0,18.0,17.0,15.0,18.0,-10.0,-13.0,-5.45,-53.684211,-54.0,-52.941176,-54.75,-56.0,-53.0,-43.0,-47.0,-35.45,49332.445381,20293.022412,64521.952269,183924.292542,154450.460324,206581.525023,0.003202,0.002195,0.004823,-0.319286,-0.342921,-0.287827,-10.0,-13.0,-5.45,17.0,15.0,18.0,-6.0,-8.0,-3.0,0.0,0.0,0.0,0.0,0.0,0.0,0.0,0.0,0.0,0.0,0.0,0.0,0.0,0.0,0.0,0.0,0.0,0.0,-3307.811797,-3827.658889,-2867.566359,0.0,0.0,0.0,0.0,0.0,0.0,0.0,0.0,0.0,0.0,0.0,0.0,0.0,0.0,0.0,0.0,0.0,0.0,-2696.721983,-3013.390119,-2363.977126
P0,60,B,20,0,0,shuffled,10736.954138,10130.898954,11660.582323,4575.655428,4188.390119,4966.890119,9172.544539,8841.838031,9844.754602,9409.808268,9013.883106,10107.448529,9741.196541,9347.026779,10416.832842,2308.35056,2107.055606,2503.706751,4616.70112,4214.111212,5007.413502,0.0,0.0,0.0,0.0,0.0,433.56289,4680.390119,4483.890119,4966.890119,0.847901,0.815357,0.880141,290629.204074,272489.606674,315248.969382,251820.134866,238003.156369,270263.02143,0.847499,0.815287,0.880013,99.0,93.0,104.55,222.0,212.45,243.1,25.0,19.0,33.0,2.0,2.0,2.0,2.0,2.0,2.0,45.0,39.0,53.0,60.0,60.0,60.0,60.0,60.0,60.0,60.0,60.0,60.0,386036.961383,352694.86675,432651.014925,146985.279883,131962.97371,165104.32865,0.007523,0.006703,0.009347,0.400136,0.371756,0.415594,45.0,39.0,53.0,1.0,1.0,1.0,20.0,20.0,20.0,0.0,0.0,0.0,0.0,0.0,0.0,0.0,0.0,0.0,0.0,0.0,0.0,0.0,0.0,0.0,20.0,20.0,20.0,9172.544539,8841.838031,9844.754602,0.0,0.0,0.0,0.0,0.0,0.0,0.0,0.0,0.0,0.0,0.0,0.0,120.0,120.0,120.0,20.0,20.0,20.0,4575.655428,4188.390119,4966.890119,0.0,0.0,0.0,0.0,0.0,0.0,0.0,0.0,0.0,0.0,0.0,0.0,0.0,0.0,0.0,0.0,0.0,0.0,0.0,0.0,0.0,0.0,0.0,0.0,0.0,0.0,0.0,0.0,0.0,0.0,0.0,0.0,0.0,0.0,0.0,0.0,0.0,0.0,0.0,0.0,0.0,0.0,0.0,0.0,0.0,0.0,0.0,0.0,0.0,0.0,0.0,0.0,0.0,0.0,0.0,0.0,0.0,0.0,0.0,0.0,0.0,0.0,0.0,0.0,0.0,0.0,0.0,0.0,0.0,0.0,0.0,0.0,0.0,0.0,0.0,0.0,0.0,0.0,0.0,0.0,0.0,0.0,0.0,0.0,0.0,0.0,0.0,0.0,0.0,0.0,0.0,0.0,0.0,0.0,0.0,0.0,0.0,0.0,0.0,0.0,0.0,0.0,0.0,0.0,0.0,0.0,0.0,0.0,0.0,0.0,0.0,0.0,0.0,0.0,0.0,0.0,0.0,0.0,0.0,0.0,0.0,0.0,0.0,0.0,0.0,0.0,0.0,0.0,0.0,0.0,0.0,0.0
P1a,60,B,20,0,0,shuffled,10736.954138,10130.898954,11660.582323,0.0,0.0,0.0,8720.242262,8403.085303,9361.475998,9409.808268,9013.883106,10107.448529,9741.196541,9347.026779,10416.832842,2340.770172,2142.962529,2565.368252,4627.052736,4260.203966,5080.632873,0.0,0.0,0.0,0.0,0.0,433.56289,4680.390119,4483.890119,4966.890119,0.847901,0.815357,0.880141,290629.204074,272489.606674,315248.969382,251820.134866,238003.156369,270263.02143,0.847499,0.815287,0.880013,99.0,93.0,104.55,222.0,212.45,243.1,25.0,19.0,33.0,2.0,2.0,2.0,2.0,2.0,2.0,45.0,39.0,53.0,60.0,60.0,60.0,60.0,60.0,60.0,60.0,60.0,60.0,386036.961383,352694.86675,432651.014925,149343.243456,134728.53896,166919.124011,0.007523,0.006703,0.009347,0.400136,0.371756,0.415594,45.0,39.0,53.0,2.0,2.0,2.0,19.0,19.0,19.0,0.0,0.0,0.0,0.0,0.0,0.0,0.0,0.0,0.0,0.0,0.0,0.0,0.0,0.0,0.0,20.0,20.0,20.0,8720.242262,8403.085303,9361.475998,0.0,0.0,0.0,0.0,0.0,0.0,0.0,0.0,0.0,0.0,0.0,0.0,120.0,120.0,120.0,20.0,20.0,20.0,0.0,0.0,0.0,0.0,0.0,0.0,-4575.655428,-4966.890119,-4188.390119,-453.052277,-484.689012,-438.752728,0.0,0.0,0.0,0.0,0.0,0.0,42.05545,1.072227,72.243351,40.065358,0.467382,120.208583,0.0,0.0,0.0,0.0,0.0,0.0,0.0,0.0,0.0,0.0,0.0,0.0,0.0,0.0,0.0,0.0,0.0,0.0,0.0,0.0,0.0,0.0,0.0,0.0,0.0,0.0,0.0,0.0,0.0,0.0,0.0,0.0,0.0,0.0,0.0,0.0,0.0,0.0,0.0,0.0,0.0,0.0,0.0,0.0,0.0,0.0,0.0,0.0,0.0,0.0,0.0,2403.9215,28.0429,7212.515,0.0,-0.0,0.0,0.0,0.0,0.0,0.0,0.0,0.0,1.0,1.0,1.0,-1.0,-1.0,-1.0,0.0,0.0,0.0,0.0,0.0,0.0,0.0,0.0,0.0,0.0,0.0,0.0,0.0,0.0,0.0,0.0,0.0,0.0,-453.052277,-484.689012,-438.752728,0.0,0.0,0.0,0.0,0.0,0.0,0.0,0.0,0.0,0.0,0.0,0.0,0.0,0.0,0.0,0.0,0.0,0.0,-4575.655428,-4966.890119,-4188.390119
P1b,60,B,20,0,0,shuffled,10736.954138,10130.898954,11660.582323,4485.390119,0.0,4953.390119,9134.322586,8678.244017,9839.952615,9409.808268,9013.883106,10107.448529,9741.196541,9347.026779,10416.832842,2308.35056,2107.055606,2517.335414,4616.70112,4214.111212,5031.063875,0.0,0.0,0.0,0.0,0.0,433.56289,4680.390119,4483.890119,4966.890119,0.847901,0.815357,0.880141,290629.204074,272489.606674,315248.969382,251820.134866,238003.156369,270263.02143,0.847499,0.815287,0.880013,99.0,93.0,104.55,222.0,212.45,243.1,25.0,19.0,33.0,2.0,2.0,2.0,2.0,2.0,2.0,45.0,39.0,53.0,60.0,60.0,60.0,60.0,60.0,60.0,60.0,60.0,60.0,386036.961383,352694.86675,432651.014925,146985.279883,131962.97371,165104.32865,0.007523,0.006703,0.009347,0.400136,0.371756,0.415594,45.0,39.0,53.0,1.0,1.0,2.0,20.0,19.0,20.0,0.0,0.0,0.0,0.0,0.0,0.0,0.0,0.0,0.0,0.0,0.0,0.0,0.0,0.0,0.0,20.0,20.0,20.0,9134.322586,8678.244017,9839.952615,0.0,0.0,0.0,0.0,0.0,0.0,0.0,0.0,0.0,0.0,0.0,0.0,120.0,120.0,120.0,20.0,20.0,20.0,4485.390119,0.0,4953.390119,0.0,0.0,0.0,0.0,-4729.890119,0.0,0.0,-474.803604,0.0,0.0,0.0,0.0,0.0,0.0,0.0,0.0,0.0,46.304767,0.0,0.0,70.020497,0.0,0.0,0.0,0.0,0.0,0.0,0.0,0.0,0.0,0.0,0.0,0.0,0.0,0.0,0.0,0.0,0.0,0.0,0.0,0.0,0.0,0.0,0.0,0.0,0.0,0.0,0.0,0.0,0.0,0.0,0.0,0.0,0.0,0.0,0.0,0.0,0.0,0.0,0.0,0.0,0.0,0.0,0.0,0.0,0.0,0.0,0.0,0.0,0.0,0.0,0.0,0.0,0.0,4201.2298,0.0,0.0,0.0,0.0,0.0,0.0,0.0,0.0,0.0,0.0,0.0,1.0,0.0,-1.0,0.0,0.0,0.0,0.0,0.0,0.0,0.0,0.0,0.0,0.0,0.0,0.0,0.0,0.0,0.0,0.0,0.0,0.0,0.0,0.0,-474.803604,0.0,0.0,0.0,0.0,0.0,0.0,0.0,0.0,0.0,0.0,0.0,0.0,0.0,0.0,0.0,0.0,0.0,0.0,0.0,0.0,-4729.890119,0.0
P1d,60,B,20,0,0,shuffled,8741.833634,7898.745177,9901.835208,140.457827,0.0,848.890119,3881.486865,3269.207178,5058.52211,3854.446237,2572.53123,5227.65467,7388.288059,6387.542074,8310.304711,3704.976557,3395.781737,4188.60099,7279.924153,6672.97495,8380.475452,0.0,0.0,97.249843,864.263875,753.800121,1037.933169,1287.361242,931.783445,1872.520484,0.853565,0.817717,0.875165,417598.977614,381260.844517,458887.896945,22453.43723,13605.419181,36248.203079,0.79784,0.772394,0.841892,67.5,61.9,77.55,158.5,135.45,177.75,18.0,11.0,24.55,19.0,17.0,20.0,19.0,17.0,20.0,38.0,31.0,44.55,6.315789,6.0,7.058824,5.25,4.0,7.0,17.0,13.0,24.55,498159.844376,453321.834691,567114.814546,439434.652542,384991.255009,494279.166509,0.009209,0.008043,0.011538,0.051518,0.036612,0.074698,38.0,31.0,44.55,18.0,16.0,19.0,17.0,14.0,18.0,0.0,0.0,0.0,0.0,0.0,0.0,0.0,0.0,0.0,0.0,0.0,0.0,0.0,0.0,0.0,20.0,20.0,20.0,3881.486865,3269.207178,5058.52211,0.0,0.0,0.0,0.0,0.0,0.0,0.0,0.0,0.0,0.0,0.0,0.0,120.0,120.0,120.0,20.0,20.0,20.0,140.457827,0.0,848.890119,-1874.636282,-2528.34484,-1165.679964,-4359.558592,-4812.661867,-3760.88484,-5150.312962,-5865.832493,-4408.007911,-5545.156917,-6706.181517,-4365.810257,-2398.502193,-3340.229429,-1461.654701,1414.696089,1132.010867,1775.750034,2821.178034,2145.983264,3432.510608,0.0,0.0,97.249843,828.123576,382.142605,1037.933169,-3358.809913,-3834.206555,-2896.976411,-0.004294,-0.016664,0.014725,131969.240934,97543.97448,164473.618874,-230364.377613,-250314.971429,-216569.413892,-0.044229,-0.072888,-0.019313,-30.5,-37.55,-23.35,-69.0,-82.0,-48.9,-8.0,-11.0,-3.0,17.0,15.0,18.0,17.0,15.0,18.0,-8.0,-11.0,-3.0,-53.684211,-54.0,-52.941176,-54.75,-56.0,-53.0,-43.0,-47.0,-35.45,112731.628026,77941.628462,150082.229824,287798.396701,239925.041865,345835.422256,0.001719,0.001016,0.002375,-0.347228,-0.373385,-0.319267,-8.0,-11.0,-3.0,17.0,15.0,18.0,-3.0,-6.0,-2.0,0.0,0.0,0.0,0.0,0.0,0.0,0.0,0.0,0.0,0.0,0.0,0.0,0.0,0.0,0.0,0.0,0.0,0.0,-5150.312962,-5865.832493,-4408.007911,0.0,0.0,0.0,0.0,0.0,0.0,0.0,0.0,0.0,0.0,0.0,0.0,0.0,0.0,0.0,0.0,0.0,0.0,-4359.558592,-4812.661867,-3760.88484
P0,60,B,5,0,0,plain-older,5484.287947,4962.874746,6185.946575,1957.890119,1774.140119,2153.640119,4156.544539,3836.772514,4537.912512,4258.549776,3878.868614,4649.282249,4586.850555,4160.873189,4987.603552,1004.21471,897.758231,1101.678526,2008.42942,1795.516462,2203.357052,0.0,0.0,0.0,0.0,0.0,186.114012,2025.390119,1882.140119,2168.640119,0.704344,0.654434,0.758105,126034.204074,116791.856674,138446.219382,102381.473501,94583.930953,112212.163365,0.703711,0.654258,0.757846,97.0,91.0,104.1,220.0,205.45,238.0,24.5,19.0,32.1,2.0,2.0,2.0,2.0,2.0,2.0,44.5,39.0,52.1,60.0,60.0,60.0,60.0,60.0,60.0,60.0,60.0,60.0,219561.697691,194633.207923,256927.494175,64967.546691,57206.72371,74590.76835,0.014965,0.013006,0.018909,0.329168,0.292833,0.351015,44.5,39.0,52.1,1.0,1.0,1.0,20.0,20.0,20.0,0.0,0.0,0.0,0.0,0.0,0.0,0.0,0.0,0.0,0.0,0.0,0.0,0.0,0.0,0.0,20.0,20.0,20.0,4156.544539,3836.772514,4537.912512,0.0,0.0,0.0,0.0,0.0,0.0,0.0,0.0,0.0,0.0,0.0,0.0,120.0,120.0,120.0,20.0,20.0,20.0,1957.890119,1774.140119,2153.640119,0.0,0.0,0.0,0.0,0.0,0.0,0.0,0.0,0.0,0.0,0.0,0.0,0.0,0.0,0.0,0.0,0.0,0.0,0.0,0.0,0.0,0.0,0.0,0.0,0.0,0.0,0.0,0.0,0.0,0.0,0.0,0.0,0.0,0.0,0.0,0.0,0.0,0.0,0.0,0.0,0.0,0.0,0.0,0.0,0.0,0.0,0.0,0.0,0.0,0.0,0.0,0.0,0.0,0.0,0.0,0.0,0.0,0.0,0.0,0.0,0.0,0.0,0.0,0.0,0.0,0.0,0.0,0.0,0.0,0.0,0.0,0.0,0.0,0.0,0.0,0.0,0.0,0.0,0.0,0.0,0.0,0.0,0.0,0.0,0.0,0.0,0.0,0.0,0.0,0.0,0.0,0.0,0.0,0.0,0.0,0.0,0.0,0.0,0.0,0.0,0.0,0.0,0.0,0.0,0.0,0.0,0.0,0.0,0.0,0.0,0.0,0.0,0.0,0.0,0.0,0.0,0.0,0.0,0.0,0.0,0.0,0.0,0.0,0.0,0.0,0.0,0.0,0.0,0.0,0.0,0.0,0.0
P1a,60,B,5,0,0,plain-older,5484.287947,4962.874746,6185.946575,0.0,0.0,0.0,3961.492262,3651.408502,4328.983733,4258.549776,3878.868614,4649.282249,4586.850555,4160.873189,4987.603552,1041.662435,916.443525,1171.17284,2026.947211,1828.345551,2289.132873,0.0,0.0,0.0,0.0,0.0,186.114012,2025.390119,1882.140119,2168.640119,0.704344,0.654434,0.758105,126034.204074,116791.856674,138446.219382,102381.473501,94583.930953,112212.163365,0.703711,0.654258,0.757846,97.0,91.0,104.1,220.0,205.45,238.0,24.5,19.0,32.1,2.0,2.0,2.0,2.0,2.0,2.0,44.5,39.0,52.1,60.0,60.0,60.0,60.0,60.0,60.0,60.0,60.0,60.0,219561.697691,194633.207923,256927.494175,66700.743456,59304.3847,78041.458442,0.014965,0.013006,0.018909,0.329168,0.292833,0.351015,44.5,39.0,52.1,2.0,2.0,2.0,19.0,19.0,19.0,0.0,0.0,0.0,0.0,0.0,0.0,0.0,0.0,0.0,0.0,0.0,0.0,0.0,0.0,0.0,20.0,20.0,20.0,3961.492262,3651.408502,4328.983733,0.0,0.0,0.0,0.0,0.0,0.0,0.0,0.0,0.0,0.0,0.0,0.0,120.0,120.0,120.0,20.0,20.0,20.0,0.0,0.0,0.0,0.0,0.0,0.0,-1957.890119,-2153.640119,-1774.140119,-195.052277,-208.539012,-184.141104,0.0,0.0,0.0,0.0,0.0,0.0,42.05545,1.072227,72.243351,40.065358,0.467382,120.208583,0.0,0.0,0.0,0.0,0.0,0.0,0.0,-0.0,0.0,0.0,-0.0,0.0,0.0,-0.0,0.0,0.0,-0.0,0.0,0.0,0.0,0.0,0.0,0.0,0.0,0.0,0.0,0.0,0.0,0.0,0.0,0.0,0.0,0.0,0.0,0.0,0.0,0.0,0.0,0.0,0.0,0.0,0.0,0.0,0.0,0.0,0.0,0.0,0.0,0.0,0.0,0.0,2403.9215,28.0429,7212.515,0.0,-0.0,0.0,0.0,-0.0,0.0,0.0,0.0,0.0,1.0,1.0,1.0,-1.0,-1.0,-1.0,0.0,0.0,0.0,0.0,0.0,0.0,0.0,0.0,0.0,0.0,0.0,0.0,0.0,0.0,0.0,0.0,0.0,0.0,-195.052277,-208.539012,-184.141104,0.0,0.0,0.0,0.0,0.0,0.0,0.0,0.0,0.0,0.0,0.0,0.0,0.0,0.0,0.0,0.0,0.0,0.0,-1957.890119,-2153.640119,-1774.140119
P1b,60,B,5,0,0,plain-older,5484.287947,4962.874746,6185.946575,0.0,0.0,0.0,3961.492262,3651.408502,4328.983733,4258.549776,3878.868614,4649.282249,4586.850555,4160.873189,4987.603552,1041.662435,916.443525,1171.17284,2026.947211,1828.345551,2289.132873,0.0,0.0,0.0,0.0,0.0,186.114012,2025.390119,1882.140119,2168.640119,0.704344,0.654434,0.758105,126034.204074,116791.856674,138446.219382,102381.473501,94583.930953,112212.163365,0.703711,0.654258,0.757846,97.0,91.0,104.1,220.0,205.45,238.0,24.5,19.0,32.1,2.0,2.0,2.0,2.0,2.0,2.0,44.5,39.0,52.1,60.0,60.0,60.0,60.0,60.0,60.0,60.0,60.0,60.0,219561.697691,194633.207923,256927.494175,66700.743456,59304.3847,78041.458442,0.014965,0.013006,0.018909,0.329168,0.292833,0.351015,44.5,39.0,52.1,2.0,2.0,2.0,19.0,19.0,19.0,0.0,0.0,0.0,0.0,0.0,0.0,0.0,0.0,0.0,0.0,0.0,0.0,0.0,0.0,0.0,20.0,20.0,20.0,3961.492262,3651.408502,4328.983733,0.0,0.0,0.0,0.0,0.0,0.0,0.0,0.0,0.0,0.0,0.0,0.0,120.0,120.0,120.0,20.0,20.0,20.0,0.0,0.0,0.0,0.0,0.0,0.0,-1957.890119,-2153.640119,-1774.140119,-195.052277,-208.539012,-184.141104,0.0,0.0,0.0,0.0,0.0,0.0,42.05545,1.072227,72.243351,40.065358,0.467382,120.208583,0.0,0.0,0.0,0.0,0.0,0.0,0.0,-0.0,0.0,0.0,-0.0,0.0,0.0,-0.0,0.0,0.0,-0.0,0.0,0.0,0.0,0.0,0.0,0.0,0.0,0.0,0.0,0.0,0.0,0.0,0.0,0.0,0.0,0.0,0.0,0.0,0.0,0.0,0.0,0.0,0.0,0.0,0.0,0.0,0.0,0.0,0.0,0.0,0.0,0.0,0.0,0.0,2403.9215,28.0429,7212.515,0.0,-0.0,0.0,0.0,-0.0,0.0,0.0,0.0,0.0,1.0,1.0,1.0,-1.0,-1.0,-1.0,0.0,0.0,0.0,0.0,0.0,0.0,0.0,0.0,0.0,0.0,0.0,0.0,0.0,0.0,0.0,0.0,0.0,0.0,-195.052277,-208.539012,-184.141104,0.0,0.0,0.0,0.0,0.0,0.0,0.0,0.0,0.0,0.0,0.0,0.0,0.0,0.0,0.0,0.0,0.0,0.0,-1957.890119,-2153.640119,-1774.140119
P1d,60,B,5,0,0,plain-older,5442.890897,4939.571257,6177.696575,0.0,0.0,0.0,337.007432,230.891209,512.835243,335.05785,215.513475,545.595698,600.778205,443.238846,935.571168,1681.005983,1448.10939,2090.53765,2951.190536,2524.887161,3375.117523,0.0,0.0,0.0,0.0,0.0,154.21289,2070.0,1860.0,2235.0,0.680331,0.622163,0.740591,125404.840715,115288.959168,136707.016927,103181.724937,98063.610069,114937.45247,0.704801,0.65498,0.757846,97.0,91.0,104.1,220.0,203.9,240.55,23.5,19.0,32.1,2.0,2.0,2.0,2.0,2.0,2.0,43.5,39.0,52.1,57.0,52.4,59.275,57.0,52.4,59.275,60.0,60.0,60.0,215302.012315,190818.192018,255047.140395,107239.956119,92741.380902,129879.707993,0.014905,0.012983,0.018774,0.335397,0.295446,0.357295,43.5,39.0,52.1,2.0,2.0,2.0,0.0,0.0,0.0,0.0,0.0,0.0,0.0,0.0,0.0,0.0,0.0,0.0,0.0,0.0,0.0,0.0,0.0,0.0,20.0,20.0,20.0,337.007432,230.891209,512.835243,0.0,0.0,0.0,0.0,0.0,0.0,0.0,0.0,0.0,0.0,0.0,0.0,120.0,120.0,120.0,20.0,20.0,20.0,0.0,0.0,0.0,0.0,-56.552372,45.29184,-1957.890119,-2153.640119,-1774.140119,-3803.512776,-4065.723232,-3587.187571,-3901.045547,-4170.780238,-3682.822078,-3901.045547,-4170.780238,-3682.822078,683.322101,509.782687,1011.277016,952.569275,593.98565,1328.303903,0.0,0.0,0.0,0.0,-29.275,0.0,44.609881,-105.390119,127.859881,-0.022046,-0.073679,-0.009851,-1243.832741,-5798.34685,-112.550129,1096.332741,-417.548125,6544.703954,0.0,-0.000441,0.002298,0.0,-1.1,1.0,0.0,-3.75,3.0,0.0,-0.55,0.0,0.0,0.0,0.0,0.0,0.0,0.0,0.0,-0.55,0.0,-3.0,-7.6,-0.725,-3.0,-7.6,-0.725,0.0,0.0,0.0,-1028.764273,-6263.855936,41.893697,42278.6755,32225.5781,62045.900151,-0.0,-0.000146,0.000208,0.00328,-0.000705,0.02121,0.0,-0.55,0.0,1.0,1.0,1.0,-20.0,-20.0,-20.0,0.0,0.0,0.0,0.0,0.0,0.0,0.0,0.0,0.0,0.0,0.0,0.0,0.0,0.0,0.0,0.0,0.0,0.0,-3803.512776,-4065.723232,-3587.187571,0.0,0.0,0.0,0.0,0.0,0.0,0.0,0.0,0.0,0.0,0.0,0.0,0.0,0.0,0.0,0.0,0.0,0.0,-1957.890119,-2153.640119,-1774.140119
P0,60,B,10,0,0,plain-older,7211.787947,6742.345674,8076.082323,2810.390119,2565.390119,3093.390119,5827.008224,5471.152771,6300.912512,5952.504189,5547.222506,6458.532249,6320.063047,5876.439804,6779.019531,1430.239747,1295.555606,1571.904749,2860.479494,2591.111212,3143.809499,0.0,0.0,0.0,0.0,0.0,270.839012,2910.390119,2740.390119,3111.390119,0.775468,0.732304,0.819899,181069.204074,168706.172621,197464.469382,152575.927057,144899.969853,164562.413365,0.774867,0.732204,0.819706,98.0,92.45,104.1,221.5,206.9,241.55,25.0,19.0,32.1,2.0,2.0,2.0,2.0,2.0,2.0,45.0,39.0,52.1,60.0,60.0,60.0,60.0,60.0,60.0,60.0,60.0,60.0,275331.697691,247378.648101,316803.514925,92375.046691,82057.97371,104720.32865,0.011287,0.010007,0.014043,0.365163,0.331996,0.383143,45.0,39.0,52.1,1.0,1.0,1.0,20.0,20.0,20.0,0.0,0.0,0.0,0.0,0.0,0.0,0.0,0.0,0.0,0.0,0.0,0.0,0.0,0.0,0.0,20.0,20.0,20.0,5827.008224,5471.152771,6300.912512,0.0,0.0,0.0,0.0,0.0,0.0,0.0,0.0,0.0,0.0,0.0,0.0,120.0,120.0,120.0,20.0,20.0,20.0,2810.390119,2565.390119,3093.390119,0.0,0.0,0.0,0.0,0.0,0.0,0.0,0.0,0.0,0.0,0.0,0.0,0.0,0.0,0.0,0.0,0.0,0.0,0.0,0.0,0.0,0.0,0.0,0.0,0.0,0.0,0.0,0.0,0.0,0.0,0.0,0.0,0.0,0.0,0.0,0.0,0.0,0.0,0.0,0.0,0.0,0.0,0.0,0.0,0.0,0.0,0.0,0.0,0.0,0.0,0.0,0.0,0.0,0.0,0.0,0.0,0.0,0.0,0.0,0.0,0.0,0.0,0.0,0.0,0.0,0.0,0.0,0.0,0.0,0.0,0.0,0.0,0.0,0.0,0.0,0.0,0.0,0.0,0.0,0.0,0.0,0.0,0.0,0.0,0.0,0.0,0.0,0.0,0.0,0.0,0.0,0.0,0.0,0.0,0.0,0.0,0.0,0.0,0.0,0.0,0.0,0.0,0.0,0.0,0.0,0.0,0.0,0.0,0.0,0.0,0.0,0.0,0.0,0.0,0.0,0.0,0.0,0.0,0.0,0.0,0.0,0.0,0.0,0.0,0.0,0.0,0.0,0.0,0.0,0.0,0.0,0.0
P1a,60,B,10,0,0,plain-older,7211.787947,6742.345674,8076.082323,0.0,0.0,0.0,5543.469212,5202.413759,6002.308908,5952.504189,5547.222506,6458.532249,6320.063047,5876.439804,6779.019531,1467.912435,1331.062048,1636.92284,2881.947211,2637.203966,3203.893349,0.0,0.0,0.0,0.0,0.0,270.839012,2910.390119,2740.390119,3111.390119,0.775468,0.732304,0.819899,181069.204074,168706.172621,197464.469382,152575.927057,144899.969853,164562.413365,0.774867,0.732204,0.819706,98.0,92.45,104.1,221.5,206.9,241.55,25.0,19.0,32.1,2.0,2.0,2.0,2.0,2.0,2.0,45.0,39.0,52.1,60.0,60.0,60.0,60.0,60.0,60.0,60.0,60.0,60.0,275331.697691,247378.648101,316803.514925,94203.243456,84718.654422,107188.571089,0.011287,0.010007,0.014043,0.365163,0.331996,0.383143,45.0,39.0,52.1,2.0,2.0,2.0,19.0,19.0,19.0,0.0,0.0,0.0,0.0,0.0,0.0,0.0,0.0,0.0,0.0,0.0,0.0,0.0,0.0,0.0,20.0,20.0,20.0,5543.469212,5202.413759,6002.308908,0.0,0.0,0.0,0.0,0.0,0.0,0.0,0.0,0.0,0.0,0.0,0.0,120.0,120.0,120.0,20.0,20.0,20.0,0.0,0.0,0.0,0.0,0.0,0.0,-2810.390119,-3093.390119,-2565.390119,-281.552277,-301.589012,-266.950951,0.0,0.0,0.0,0.0,0.0,0.0,42.05545,1.072227,72.243351,40.065358,0.467382,120.208583,0.0,0.0,0.0,0.0,0.0,0.0,0.0,0.0,0.0,0.0,0.0,0.0,0.0,0.0,0.0,0.0,-0.0,0.0,0.0,0.0,0.0,0.0,0.0,0.0,0.0,0.0,0.0,0.0,0.0,0.0,0.0,0.0,0.0,0.0,0.0,0.0,0.0,0.0,0.0,0.0,0.0,0.0,0.0,0.0,0.0,0.0,0.0,0.0,0.0,0.0,0.0,2403.9215,28.0429,7212.515,0.0,-0.0,0.0,0.0,-0.0,0.0,0.0,0.0,0.0,1.0,1.0,1.0,-1.0,-1.0,-1.0,0.0,0.0,0.0,0.0,0.0,0.0,0.0,0.0,0.0,0.0,0.0,0.0,0.0,0.0,0.0,0.0,0.0,0.0,-281.552277,-301.589012,-266.950951,0.0,0.0,0.0,0.0,0.0,0.0,0.0,0.0,0.0,0.0,0.0,0.0,0.0,0.0,0.0,0.0,0.0,0.0,-2810.390119,-3093.390119,-2565.390119
P1b,60,B,10,0,0,plain-older,7211.787947,6742.345674,8076.082323,0.0,0.0,0.0,5543.469212,5202.413759,6002.308908,5952.504189,5547.222506,6458.532249,6320.063047,5876.439804,6779.019531,1467.912435,1331.062048,1636.92284,2881.947211,2637.203966,3203.893349,0.0,0.0,0.0,0.0,0.0,270.839012,2910.390119,2740.390119,3111.390119,0.775468,0.732304,0.819899,181069.204074,168706.172621,197464.469382,152575.927057,144899.969853,164562.413365,0.774867,0.732204,0.819706,98.0,92.45,104.1,221.5,206.9,241.55,25.0,19.0,32.1,2.0,2.0,2.0,2.0,2.0,2.0,45.0,39.0,52.1,60.0,60.0,60.0,60.0,60.0,60.0,60.0,60.0,60.0,275331.697691,247378.648101,316803.514925,94203.243456,84718.654422,107188.571089,0.011287,0.010007,0.014043,0.365163,0.331996,0.383143,45.0,39.0,52.1,2.0,2.0,2.0,19.0,19.0,19.0,0.0,0.0,0.0,0.0,0.0,0.0,0.0,0.0,0.0,0.0,0.0,0.0,0.0,0.0,0.0,20.0,20.0,20.0,5543.469212,5202.413759,6002.308908,0.0,0.0,0.0,0.0,0.0,0.0,0.0,0.0,0.0,0.0,0.0,0.0,120.0,120.0,120.0,20.0,20.0,20.0,0.0,0.0,0.0,0.0,0.0,0.0,-2810.390119,-3093.390119,-2565.390119,-281.552277,-301.589012,-266.950951,0.0,0.0,0.0,0.0,0.0,0.0,42.05545,1.072227,72.243351,40.065358,0.467382,120.208583,0.0,0.0,0.0,0.0,0.0,0.0,0.0,0.0,0.0,0.0,0.0,0.0,0.0,0.0,0.0,0.0,-0.0,0.0,0.0,0.0,0.0,0.0,0.0,0.0,0.0,0.0,0.0,0.0,0.0,0.0,0.0,0.0,0.0,0.0,0.0,0.0,0.0,0.0,0.0,0.0,0.0,0.0,0.0,0.0,0.0,0.0,0.0,0.0,0.0,0.0,0.0,2403.9215,28.0429,7212.515,0.0,-0.0,0.0,0.0,-0.0,0.0,0.0,0.0,0.0,1.0,1.0,1.0,-1.0,-1.0,-1.0,0.0,0.0,0.0,0.0,0.0,0.0,0.0,0.0,0.0,0.0,0.0,0.0,0.0,0.0,0.0,0.0,0.0,0.0,-281.552277,-301.589012,-266.950951,0.0,0.0,0.0,0.0,0.0,0.0,0.0,0.0,0.0,0.0,0.0,0.0,0.0,0.0,0.0,0.0,0.0,0.0,-2810.390119,-3093.390119,-2565.390119
P1d,60,B,10,0,0,plain-older,7211.787947,6704.28265,8081.063874,0.0,0.0,0.0,337.007432,230.891209,512.835243,335.05785,215.513475,545.595698,600.778205,443.238846,935.571168,2130.006853,1906.178272,2543.4814,3932.703702,3350.552809,4486.581342,0.0,0.0,0.0,0.0,0.0,221.41289,2960.0,2729.0,3180.0,0.747932,0.704924,0.800907,180249.788878,168471.487159,195078.729044,153416.89163,145209.715749,167297.779407,0.774867,0.732788,0.819706,98.0,91.9,104.1,220.5,206.9,241.0,25.0,19.0,32.1,2.0,2.0,2.0,2.0,2.0,2.0,45.0,39.0,52.1,57.0,53.95,59.275,57.0,53.95,59.275,60.0,60.0,60.0,273147.962872,245734.924266,313500.09242,134708.728501,119999.1333,158465.899743,0.011261,0.009989,0.014002,0.366863,0.336034,0.387637,45.0,39.0,52.1,2.0,2.0,2.0,0.0,0.0,0.0,0.0,0.0,0.0,0.0,0.0,0.0,0.0,0.0,0.0,0.0,0.0,0.0,0.0,0.0,0.0,20.0,20.0,20.0,337.007432,230.891209,512.835243,0.0,0.0,0.0,0.0,0.0,0.0,0.0,0.0,0.0,0.0,0.0,0.0,120.0,120.0,120.0,20.0,20.0,20.0,0.0,0.0,0.0,0.0,-81.795302,37.66966,-2810.390119,-3093.390119,-2565.390119,-5485.012776,-5887.110732,-5204.837571,-5631.045547,-6031.780238,-5339.019016,-5631.045547,-6031.780238,-5339.019016,684.840708,496.659845,1009.639516,1032.945558,622.568102,1461.553903,0.0,0.0,0.0,0.0,-45.85,0.0,39.609881,-140.390119,170.609881,-0.026354,-0.062376,-0.010553,-1466.448061,-4539.488928,82.039946,914.479142,-1187.037165,4623.422506,0.0,-0.000795,0.001184,0.0,-1.55,0.0,0.0,-3.1,1.55,0.0,-0.55,0.0,0.0,0.0,0.0,0.0,0.0,0.0,0.0,-0.55,0.0,-3.0,-6.05,-0.725,-3.0,-6.05,-0.725,0.0,0.0,0.0,-1283.946743,-5270.533728,303.743185,41146.8605,32287.0781,61949.400151,0.0,-5.6e-05,0.000134,0.002445,-0.001155,0.008901,0.0,-0.55,0.0,1.0,1.0,1.0,-20.0,-20.0,-20.0,0.0,0.0,0.0,0.0,0.0,0.0,0.0,0.0,0.0,0.0,0.0,0.0,0.0,0.0,0.0,0.0,0.0,0.0,-5485.012776,-5887.110732,-5204.837571,0.0,0.0,0.0,0.0,0.0,0.0,0.0,0.0,0.0,0.0,0.0,0.0,0.0,0.0,0.0,0.0,0.0,0.0,-2810.390119,-3093.390119,-2565.390119
P0,60,B,20,0,0,plain-older,10736.954138,10130.898954,11660.582323,4575.655428,4188.390119,4966.890119,9172.544539,8841.838031,9844.754602,9409.808268,9013.883106,10107.448529,9741.196541,9347.026779,10416.832842,2308.35056,2107.055606,2503.706751,4616.70112,4214.111212,5007.413502,0.0,0.0,0.0,0.0,0.0,433.56289,4680.390119,4483.890119,4966.890119,0.847901,0.815357,0.880141,290629.204074,272489.606674,315248.969382,251820.134866,238003.156369,270263.02143,0.847499,0.815287,0.880013,99.0,93.0,104.55,222.0,212.45,243.1,25.0,19.0,33.0,2.0,2.0,2.0,2.0,2.0,2.0,45.0,39.0,53.0,60.0,60.0,60.0,60.0,60.0,60.0,60.0,60.0,60.0,386036.961383,352694.86675,432651.014925,146985.279883,131962.97371,165104.32865,0.007523,0.006703,0.009347,0.400136,0.371756,0.415594,45.0,39.0,53.0,1.0,1.0,1.0,20.0,20.0,20.0,0.0,0.0,0.0,0.0,0.0,0.0,0.0,0.0,0.0,0.0,0.0,0.0,0.0,0.0,0.0,20.0,20.0,20.0,9172.544539,8841.838031,9844.754602,0.0,0.0,0.0,0.0,0.0,0.0,0.0,0.0,0.0,0.0,0.0,0.0,120.0,120.0,120.0,20.0,20.0,20.0,4575.655428,4188.390119,4966.890119,0.0,0.0,0.0,0.0,0.0,0.0,0.0,0.0,0.0,0.0,0.0,0.0,0.0,0.0,0.0,0.0,0.0,0.0,0.0,0.0,0.0,0.0,0.0,0.0,0.0,0.0,0.0,0.0,0.0,0.0,0.0,0.0,0.0,0.0,0.0,0.0,0.0,0.0,0.0,0.0,0.0,0.0,0.0,0.0,0.0,0.0,0.0,0.0,0.0,0.0,0.0,0.0,0.0,0.0,0.0,0.0,0.0,0.0,0.0,0.0,0.0,0.0,0.0,0.0,0.0,0.0,0.0,0.0,0.0,0.0,0.0,0.0,0.0,0.0,0.0,0.0,0.0,0.0,0.0,0.0,0.0,0.0,0.0,0.0,0.0,0.0,0.0,0.0,0.0,0.0,0.0,0.0,0.0,0.0,0.0,0.0,0.0,0.0,0.0,0.0,0.0,0.0,0.0,0.0,0.0,0.0,0.0,0.0,0.0,0.0,0.0,0.0,0.0,0.0,0.0,0.0,0.0,0.0,0.0,0.0,0.0,0.0,0.0,0.0,0.0,0.0,0.0,0.0,0.0,0.0,0.0,0.0
P1a,60,B,20,0,0,plain-older,10736.954138,10130.898954,11660.582323,0.0,0.0,0.0,8720.242262,8403.085303,9361.475998,9409.808268,9013.883106,10107.448529,9741.196541,9347.026779,10416.832842,2340.770172,2142.962529,2565.368252,4627.052736,4260.203966,5080.632873,0.0,0.0,0.0,0.0,0.0,433.56289,4680.390119,4483.890119,4966.890119,0.847901,0.815357,0.880141,290629.204074,272489.606674,315248.969382,251820.134866,238003.156369,270263.02143,0.847499,0.815287,0.880013,99.0,93.0,104.55,222.0,212.45,243.1,25.0,19.0,33.0,2.0,2.0,2.0,2.0,2.0,2.0,45.0,39.0,53.0,60.0,60.0,60.0,60.0,60.0,60.0,60.0,60.0,60.0,386036.961383,352694.86675,432651.014925,149343.243456,134728.53896,166919.124011,0.007523,0.006703,0.009347,0.400136,0.371756,0.415594,45.0,39.0,53.0,2.0,2.0,2.0,19.0,19.0,19.0,0.0,0.0,0.0,0.0,0.0,0.0,0.0,0.0,0.0,0.0,0.0,0.0,0.0,0.0,0.0,20.0,20.0,20.0,8720.242262,8403.085303,9361.475998,0.0,0.0,0.0,0.0,0.0,0.0,0.0,0.0,0.0,0.0,0.0,0.0,120.0,120.0,120.0,20.0,20.0,20.0,0.0,0.0,0.0,0.0,0.0,0.0,-4575.655428,-4966.890119,-4188.390119,-453.052277,-484.689012,-438.752728,0.0,0.0,0.0,0.0,0.0,0.0,42.05545,1.072227,72.243351,40.065358,0.467382,120.208583,0.0,0.0,0.0,0.0,0.0,0.0,0.0,0.0,0.0,0.0,0.0,0.0,0.0,0.0,0.0,0.0,0.0,0.0,0.0,0.0,0.0,0.0,0.0,0.0,0.0,0.0,0.0,0.0,0.0,0.0,0.0,0.0,0.0,0.0,0.0,0.0,0.0,0.0,0.0,0.0,0.0,0.0,0.0,0.0,0.0,0.0,0.0,0.0,0.0,0.0,0.0,2403.9215,28.0429,7212.515,0.0,-0.0,0.0,0.0,0.0,0.0,0.0,0.0,0.0,1.0,1.0,1.0,-1.0,-1.0,-1.0,0.0,0.0,0.0,0.0,0.0,0.0,0.0,0.0,0.0,0.0,0.0,0.0,0.0,0.0,0.0,0.0,0.0,0.0,-453.052277,-484.689012,-438.752728,0.0,0.0,0.0,0.0,0.0,0.0,0.0,0.0,0.0,0.0,0.0,0.0,0.0,0.0,0.0,0.0,0.0,0.0,-4575.655428,-4966.890119,-4188.390119
P1b,60,B,20,0,0,plain-older,10736.954138,10130.898954,11660.582323,0.0,0.0,0.0,8720.242262,8403.085303,9361.475998,9409.808268,9013.883106,10107.448529,9741.196541,9347.026779,10416.832842,2340.770172,2142.962529,2565.368252,4627.052736,4260.203966,5080.632873,0.0,0.0,0.0,0.0,0.0,433.56289,4680.390119,4483.890119,4966.890119,0.847901,0.815357,0.880141,290629.204074,272489.606674,315248.969382,251820.134866,238003.156369,270263.02143,0.847499,0.815287,0.880013,99.0,93.0,104.55,222.0,212.45,243.1,25.0,19.0,33.0,2.0,2.0,2.0,2.0,2.0,2.0,45.0,39.0,53.0,60.0,60.0,60.0,60.0,60.0,60.0,60.0,60.0,60.0,386036.961383,352694.86675,432651.014925,149343.243456,134728.53896,166919.124011,0.007523,0.006703,0.009347,0.400136,0.371756,0.415594,45.0,39.0,53.0,2.0,2.0,2.0,19.0,19.0,19.0,0.0,0.0,0.0,0.0,0.0,0.0,0.0,0.0,0.0,0.0,0.0,0.0,0.0,0.0,0.0,20.0,20.0,20.0,8720.242262,8403.085303,9361.475998,0.0,0.0,0.0,0.0,0.0,0.0,0.0,0.0,0.0,0.0,0.0,0.0,120.0,120.0,120.0,20.0,20.0,20.0,0.0,0.0,0.0,0.0,0.0,0.0,-4575.655428,-4966.890119,-4188.390119,-453.052277,-484.689012,-438.752728,0.0,0.0,0.0,0.0,0.0,0.0,42.05545,1.072227,72.243351,40.065358,0.467382,120.208583,0.0,0.0,0.0,0.0,0.0,0.0,0.0,0.0,0.0,0.0,0.0,0.0,0.0,0.0,0.0,0.0,0.0,0.0,0.0,0.0,0.0,0.0,0.0,0.0,0.0,0.0,0.0,0.0,0.0,0.0,0.0,0.0,0.0,0.0,0.0,0.0,0.0,0.0,0.0,0.0,0.0,0.0,0.0,0.0,0.0,0.0,0.0,0.0,0.0,0.0,0.0,2403.9215,28.0429,7212.515,0.0,-0.0,0.0,0.0,0.0,0.0,0.0,0.0,0.0,1.0,1.0,1.0,-1.0,-1.0,-1.0,0.0,0.0,0.0,0.0,0.0,0.0,0.0,0.0,0.0,0.0,0.0,0.0,0.0,0.0,0.0,0.0,0.0,0.0,-453.052277,-484.689012,-438.752728,0.0,0.0,0.0,0.0,0.0,0.0,0.0,0.0,0.0,0.0,0.0,0.0,0.0,0.0,0.0,0.0,0.0,0.0,-4575.655428,-4966.890119,-4188.390119
P1d,60,B,20,0,0,plain-older,10736.954138,10064.146302,11693.582323,0.0,0.0,0.0,337.007432,230.891209,512.835243,335.05785,215.513475,545.595698,600.778205,443.238846,935.571168,3008.611502,2712.503281,3442.8439,5849.048961,5021.300941,6671.43155,0.0,0.0,0.0,0.0,0.0,359.96289,4740.0,4423.5,5043.0,0.817547,0.76615,0.86093,289094.788878,272261.102865,311495.709829,254055.900469,238205.309369,273114.659017,0.847499,0.815442,0.880013,99.0,93.0,104.55,221.5,212.45,243.1,25.0,19.0,33.0,2.0,2.0,2.0,2.0,2.0,2.0,45.0,39.0,53.0,58.0,53.95,59.275,58.0,53.95,59.275,60.0,60.0,60.0,382982.251266,350011.358291,427815.59242,188871.980001,170643.067502,215394.707993,0.007535,0.006678,0.009347,0.404185,0.375229,0.420473,45.0,39.0,53.0,2.0,2.0,2.0,0.0,0.0,0.0,0.0,0.0,0.0,0.0,0.0,0.0,0.0,0.0,0.0,0.0,0.0,0.0,0.0,0.0,0.0,20.0,20.0,20.0,337.007432,230.891209,512.835243,0.0,0.0,0.0,0.0,0.0,0.0,0.0,0.0,0.0,0.0,0.0,0.0,120.0,120.0,120.0,20.0,20.0,20.0,0.0,0.0,0.0,0.0,-16.5,33.0,-4575.655428,-4966.890119,-4188.390119,-8827.012776,-9462.235732,-8555.183273,-9061.045547,-9693.780238,-8775.054556,-9061.045547,-9693.780238,-8775.054556,677.180863,479.179565,1007.935849,1132.391408,670.9926,1797.597313,0.0,0.0,0.0,0.0,-42.7,0.0,29.609881,-268.714566,229.109881,-0.022887,-0.067499,-0.011215,-1412.903083,-6891.637821,791.688089,958.439524,-1411.594292,6850.710574,0.0,-7.1e-05,0.000516,0.0,-0.55,0.0,0.0,-0.55,1.1,0.0,0.0,0.0,0.0,0.0,0.0,0.0,0.0,0.0,0.0,0.0,0.0,-2.0,-6.05,-0.725,-2.0,-6.05,-0.725,0.0,0.0,0.0,-1202.903083,-6147.137821,1131.558817,42988.313,29085.037451,62497.624851,0.0,-2e-05,1.1e-05,0.001519,-0.002195,0.009196,0.0,0.0,0.0,1.0,1.0,1.0,-20.0,-20.0,-20.0,0.0,0.0,0.0,0.0,0.0,0.0,0.0,0.0,0.0,0.0,0.0,0.0,0.0,0.0,0.0,0.0,0.0,0.0,-8827.012776,-9462.235732,-8555.183273,0.0,0.0,0.0,0.0,0.0,0.0,0.0,0.0,0.0,0.0,0.0,0.0,0.0,0.0,0.0,0.0,0.0,0.0,-4575.655428,-4966.890119,-4188.390119
P0,60,B,5,0,0,plain-younger,5484.287947,4962.874746,6185.946575,1957.890119,1774.140119,2153.640119,4156.544539,3836.772514,4537.912512,4258.549776,3878.868614,4649.282249,4586.850555,4160.873189,4987.603552,1004.21471,897.758231,1101.678526,2008.42942,1795.516462,2203.357052,0.0,0.0,0.0,0.0,0.0,186.114012,2025.390119,1882.140119,2168.640119,0.704344,0.654434,0.758105,126034.204074,116791.856674,138446.219382,102381.473501,94583.930953,112212.163365,0.703711,0.654258,0.757846,97.0,91.0,104.1,220.0,205.45,238.0,24.5,19.0,32.1,2.0,2.0,2.0,2.0,2.0,2.0,44.5,39.0,52.1,60.0,60.0,60.0,60.0,60.0,60.0,60.0,60.0,60.0,219561.697691,194633.207923,256927.494175,64967.546691,57206.72371,74590.76835,0.014965,0.013006,0.018909,0.329168,0.292833,0.351015,44.5,39.0,52.1,1.0,1.0,1.0,20.0,20.0,20.0,0.0,0.0,0.0,0.0,0.0,0.0,0.0,0.0,0.0,0.0,0.0,0.0,0.0,0.0,0.0,20.0,20.0,20.0,4156.544539,3836.772514,4537.912512,0.0,0.0,0.0,0.0,0.0,0.0,0.0,0.0,0.0,0.0,0.0,0.0,120.0,120.0,120.0,20.0,20.0,20.0,1957.890119,1774.140119,2153.640119,0.0,0.0,0.0,0.0,0.0,0.0,0.0,0.0,0.0,0.0,0.0,0.0,0.0,0.0,0.0,0.0,0.0,0.0,0.0,0.0,0.0,0.0,0.0,0.0,0.0,0.0,0.0,0.0,0.0,0.0,0.0,0.0,0.0,0.0,0.0,0.0,0.0,0.0,0.0,0.0,0.0,0.0,0.0,0.0,0.0,0.0,0.0,0.0,0.0,0.0,0.0,0.0,0.0,0.0,0.0,0.0,0.0,0.0,0.0,0.0,0.0,0.0,0.0,0.0,0.0,0.0,0.0,0.0,0.0,0.0,0.0,0.0,0.0,0.0,0.0,0.0,0.0,0.0,0.0,0.0,0.0,0.0,0.0,0.0,0.0,0.0,0.0,0.0,0.0,0.0,0.0,0.0,0.0,0.0,0.0,0.0,0.0,0.0,0.0,0.0,0.0,0.0,0.0,0.0,0.0,0.0,0.0,0.0,0.0,0.0,0.0,0.0,0.0,0.0,0.0,0.0,0.0,0.0,0.0,0.0,0.0,0.0,0.0,0.0,0.0,0.0,0.0,0.0,0.0,0.0,0.0,0.0
P1a,60,B,5,0,0,plain-younger,5484.287947,4962.874746,6185.946575,0.0,0.0,0.0,3961.492262,3651.408502,4328.983733,4258.549776,3878.868614,4649.282249,4586.850555,4160.873189,4987.603552,1041.662435,916.443525,1171.17284,2026.947211,1828.345551,2289.132873,0.0,0.0,0.0,0.0,0.0,186.114012,2025.390119,1882.140119,2168.640119,0.704344,0.654434,0.758105,126034.204074,116791.856674,138446.219382,102381.473501,94583.930953,112212.163365,0.703711,0.654258,0.757846,97.0,91.0,104.1,220.0,205.45,238.0,24.5,19.0,32.1,2.0,2.0,2.0,2.0,2.0,2.0,44.5,39.0,52.1,60.0,60.0,60.0,60.0,60.0,60.0,60.0,60.0,60.0,219561.697691,194633.207923,256927.494175,66700.743456,59304.3847,78041.458442,0.014965,0.013006,0.018909,0.329168,0.292833,0.351015,44.5,39.0,52.1,2.0,2.0,2.0,19.0,19.0,19.0,0.0,0.0,0.0,0.0,0.0,0.0,0.0,0.0,0.0,0.0,0.0,0.0,0.0,0.0,0.0,20.0,20.0,20.0,3961.492262,3651.408502,4328.983733,0.0,0.0,0.0,0.0,0.0,0.0,0.0,0.0,0.0,0.0,0.0,0.0,120.0,120.0,120.0,20.0,20.0,20.0,0.0,0.0,0.0,0.0,0.0,0.0,-1957.890119,-2153.640119,-1774.140119,-195.052277,-208.539012,-184.141104,0.0,0.0,0.0,0.0,0.0,0.0,42.05545,1.072227,72.243351,40.065358,0.467382,120.208583,0.0,0.0,0.0,0.0,0.0,0.0,0.0,-0.0,0.0,0.0,-0.0,0.0,0.0,-0.0,0.0,0.0,-0.0,0.0,0.0,0.0,0.0,0.0,0.0,0.0,0.0,0.0,0.0,0.0,0.0,0.0,0.0,0.0,0.0,0.0,0.0,0.0,0.0,0.0,0.0,0.0,0.0,0.0,0.0,0.0,0.0,0.0,0.0,0.0,0.0,0.0,0.0,2403.9215,28.0429,7212.515,0.0,-0.0,0.0,0.0,-0.0,0.0,0.0,0.0,0.0,1.0,1.0,1.0,-1.0,-1.0,-1.0,0.0,0.0,0.0,0.0,0.0,0.0,0.0,0.0,0.0,0.0,0.0,0.0,0.0,0.0,0.0,0.0,0.0,0.0,-195.052277,-208.539012,-184.141104,0.0,0.0,0.0,0.0,0.0,0.0,0.0,0.0,0.0,0.0,0.0,0.0,0.0,0.0,0.0,0.0,0.0,0.0,-1957.890119,-2153.640119,-1774.140119
P1b,60,B,5,0,0,plain-younger,5484.287947,4962.874746,6185.946575,1957.890119,1774.140119,2153.640119,4156.544539,3836.772514,4537.912512,4258.549776,3878.868614,4649.282249,4586.850555,4160.873189,4987.603552,1004.21471,897.758231,1101.678526,2008.42942,1795.516462,2203.357052,0.0,0.0,0.0,0.0,0.0,186.114012,2025.390119,1882.140119,2168.640119,0.704344,0.654434,0.758105,126034.204074,116791.856674,138446.219382,102381.473501,94583.930953,112212.163365,0.703711,0.654258,0.757846,97.0,91.0,104.1,220.0,205.45,238.0,24.5,19.0,32.1,2.0,2.0,2.0,2.0,2.0,2.0,44.5,39.0,52.1,60.0,60.0,60.0,60.0,60.0,60.0,60.0,60.0,60.0,219561.697691,194633.207923,256927.494175,64967.546691,57206.72371,74590.76835,0.014965,0.013006,0.018909,0.329168,0.292833,0.351015,44.5,39.0,52.1,1.0,1.0,1.0,20.0,20.0,20.0,0.0,0.0,0.0,0.0,0.0,0.0,0.0,0.0,0.0,0.0,0.0,0.0,0.0,0.0,0.0,20.0,20.0,20.0,4156.544539,3836.772514,4537.912512,0.0,0.0,0.0,0.0,0.0,0.0,0.0,0.0,0.0,0.0,0.0,0.0,120.0,120.0,120.0,20.0,20.0,20.0,1957.890119,1774.140119,2153.640119,0.0,0.0,0.0,0.0,0.0,0.0,0.0,0.0,0.0,0.0,0.0,0.0,0.0,0.0,0.0,0.0,0.0,0.0,0.0,0.0,0.0,0.0,0.0,0.0,0.0,0.0,0.0,0.0,0.0,0.0,0.0,0.0,0.0,0.0,0.0,0.0,0.0,0.0,0.0,0.0,0.0,0.0,0.0,0.0,0.0,0.0,0.0,0.0,0.0,0.0,0.0,0.0,0.0,0.0,0.0,0.0,0.0,0.0,0.0,0.0,0.0,0.0,0.0,0.0,0.0,0.0,0.0,0.0,0.0,0.0,0.0,0.0,0.0,0.0,0.0,0.0,0.0,0.0,0.0,0.0,0.0,0.0,0.0,0.0,0.0,0.0,0.0,0.0,0.0,0.0,0.0,0.0,0.0,0.0,0.0,0.0,0.0,0.0,0.0,0.0,0.0,0.0,0.0,0.0,0.0,0.0,0.0,0.0,0.0,0.0,0.0,0.0,0.0,0.0,0.0,0.0,0.0,0.0,0.0,0.0,0.0,0.0,0.0,0.0,0.0,0.0,0.0,0.0,0.0,0.0,0.0,0.0
P1d,60,B,5,0,0,plain-younger,5442.890897,4939.571257,6177.696575,2225.655428,1932.890119,2535.640119,4166.383224,3847.556335,4557.187512,4258.549776,3908.545682,4662.782249,4583.740937,4143.994983,4979.353552,1005.017926,892.701448,1087.487448,2248.108636,1953.119243,2592.20511,0.0,0.0,0.0,0.0,0.0,154.21289,2070.0,1860.0,2235.0,0.680331,0.622163,0.740591,125404.840715,115288.959168,136707.016927,103181.724937,98063.610069,114937.45247,0.704801,0.65498,0.757846,97.0,91.0,104.1,220.0,203.9,240.55,23.5,19.0,32.1,2.0,2.0,2.0,2.0,2.0,2.0,43.5,39.0,52.1,57.0,52.4,59.275,57.0,52.4,59.275,60.0,60.0,60.0,215302.012315,190818.192018,255047.140395,65958.5835,58914.844502,75302.507989,0.014905,0.012983,0.018774,0.335397,0.295446,0.357295,43.5,39.0,52.1,1.0,1.0,1.0,20.0,20.0,20.0,0.0,0.0,0.0,0.0,0.0,0.0,0.0,0.0,0.0,0.0,0.0,0.0,0.0,0.0,0.0,20.0,20.0,20.0,4166.383224,3847.556335,4557.187512,0.0,0.0,0.0,0.0,0.0,0.0,0.0,0.0,0.0,0.0,0.0,0.0,120.0,120.0,120.0,20.0,20.0,20.0,2070.0,1851.75,2235.0,0.0,-56.552372,45.29184,217.5,46.25,538.75,11.5,-22.9,64.202248,0.0,-56.25,45.29184,0.0,-56.25,45.29184,-1.190312,-48.127992,19.383629,217.5,46.25,538.75,0.0,0.0,0.0,0.0,-29.275,0.0,44.609881,-105.390119,127.859881,-0.022046,-0.073679,-0.009851,-1243.832741,-5798.34685,-112.550129,1096.332741,-417.548125,6544.703954,0.0,-0.000441,0.002298,0.0,-1.1,1.0,0.0,-3.75,3.0,0.0,-0.55,0.0,0.0,0.0,0.0,0.0,0.0,0.0,0.0,-0.55,0.0,-3.0,-7.6,-0.725,-3.0,-7.6,-0.725,0.0,0.0,0.0,-1028.764273,-6263.855936,41.893697,1257.5,-1028.5,3203.5,-0.0,-0.000146,0.000208,0.00328,-0.000705,0.02121,0.0,-0.55,0.0,0.0,0.0,0.0,0.0,0.0,0.0,0.0,0.0,0.0,0.0,0.0,0.0,0.0,0.0,0.0,0.0,0.0,0.0,0.0,0.0,0.0,0.0,0.0,0.0,11.5,-22.9,64.202248,0.0,0.0,0.0,0.0,0.0,0.0,0.0,0.0,0.0,0.0,0.0,0.0,0.0,0.0,0.0,0.0,0.0,0.0,89.344572,-8.878897,157.859881
P0,60,B,10,0,0,plain-younger,7211.787947,6742.345674,8076.082323,2810.390119,2565.390119,3093.390119,5827.008224,5471.152771,6300.912512,5952.504189,5547.222506,6458.532249,6320.063047,5876.439804,6779.019531,1430.239747,1295.555606,1571.904749,2860.479494,2591.111212,3143.809499,0.0,0.0,0.0,0.0,0.0,270.839012,2910.390119,2740.390119,3111.390119,0.775468,0.732304,0.819899,181069.204074,168706.172621,197464.469382,152575.927057,144899.969853,164562.413365,0.774867,0.732204,0.819706,98.0,92.45,104.1,221.5,206.9,241.55,25.0,19.0,32.1,2.0,2.0,2.0,2.0,2.0,2.0,45.0,39.0,52.1,60.0,60.0,60.0,60.0,60.0,60.0,60.0,60.0,60.0,275331.697691,247378.648101,316803.514925,92375.046691,82057.97371,104720.32865,0.011287,0.010007,0.014043,0.365163,0.331996,0.383143,45.0,39.0,52.1,1.0,1.0,1.0,20.0,20.0,20.0,0.0,0.0,0.0,0.0,0.0,0.0,0.0,0.0,0.0,0.0,0.0,0.0,0.0,0.0,0.0,20.0,20.0,20.0,5827.008224,5471.152771,6300.912512,0.0,0.0,0.0,0.0,0.0,0.0,0.0,0.0,0.0,0.0,0.0,0.0,120.0,120.0,120.0,20.0,20.0,20.0,2810.390119,2565.390119,3093.390119,0.0,0.0,0.0,0.0,0.0,0.0,0.0,0.0,0.0,0.0,0.0,0.0,0.0,0.0,0.0,0.0,0.0,0.0,0.0,0.0,0.0,0.0,0.0,0.0,0.0,0.0,0.0,0.0,0.0,0.0,0.0,0.0,0.0,0.0,0.0,0.0,0.0,0.0,0.0,0.0,0.0,0.0,0.0,0.0,0.0,0.0,0.0,0.0,0.0,0.0,0.0,0.0,0.0,0.0,0.0,0.0,0.0,0.0,0.0,0.0,0.0,0.0,0.0,0.0,0.0,0.0,0.0,0.0,0.0,0.0,0.0,0.0,0.0,0.0,0.0,0.0,0.0,0.0,0.0,0.0,0.0,0.0,0.0,0.0,0.0,0.0,0.0,0.0,0.0,0.0,0.0,0.0,0.0,0.0,0.0,0.0,0.0,0.0,0.0,0.0,0.0,0.0,0.0,0.0,0.0,0.0,0.0,0.0,0.0,0.0,0.0,0.0,0.0,0.0,0.0,0.0,0.0,0.0,0.0,0.0,0.0,0.0,0.0,0.0,0.0,0.0,0.0,0.0,0.0,0.0,0.0,0.0
P1a,60,B,10,0,0,plain-younger,7211.787947,6742.345674,8076.082323,0.0,0.0,0.0,5543.469212,5202.413759,6002.308908,5952.504189,5547.222506,6458.532249,6320.063047,5876.439804,6779.019531,1467.912435,1331.062048,1636.92284,2881.947211,2637.203966,3203.893349,0.0,0.0,0.0,0.0,0.0,270.839012,2910.390119,2740.390119,3111.390119,0.775468,0.732304,0.819899,181069.204074,168706.172621,197464.469382,152575.927057,144899.969853,164562.413365,0.774867,0.732204,0.819706,98.0,92.45,104.1,221.5,206.9,241.55,25.0,19.0,32.1,2.0,2.0,2.0,2.0,2.0,2.0,45.0,39.0,52.1,60.0,60.0,60.0,60.0,60.0,60.0,60.0,60.0,60.0,275331.697691,247378.648101,316803.514925,94203.243456,84718.654422,107188.571089,0.011287,0.010007,0.014043,0.365163,0.331996,0.383143,45.0,39.0,52.1,2.0,2.0,2.0,19.0,19.0,19.0,0.0,0.0,0.0,0.0,0.0,0.0,0.0,0.0,0.0,0.0,0.0,0.0,0.0,0.0,0.0,20.0,20.0,20.0,5543.469212,5202.413759,6002.308908,0.0,0.0,0.0,0.0,0.0,0.0,0.0,0.0,0.0,0.0,0.0,0.0,120.0,120.0,120.0,20.0,20.0,20.0,0.0,0.0,0.0,0.0,0.0,0.0,-2810.390119,-3093.390119,-2565.390119,-281.552277,-301.589012,-266.950951,0.0,0.0,0.0,0.0,0.0,0.0,42.05545,1.072227,72.243351,40.065358,0.467382,120.208583,0.0,0.0,0.0,0.0,0.0,0.0,0.0,0.0,0.0,0.0,0.0,0.0,0.0,0.0,0.0,0.0,-0.0,0.0,0.0,0.0,0.0,0.0,0.0,0.0,0.0,0.0,0.0,0.0,0.0,0.0,0.0,0.0,0.0,0.0,0.0,0.0,0.0,0.0,0.0,0.0,0.0,0.0,0.0,0.0,0.0,0.0,0.0,0.0,0.0,0.0,0.0,2403.9215,28.0429,7212.515,0.0,-0.0,0.0,0.0,-0.0,0.0,0.0,0.0,0.0,1.0,1.0,1.0,-1.0,-1.0,-1.0,0.0,0.0,0.0,0.0,0.0,0.0,0.0,0.0,0.0,0.0,0.0,0.0,0.0,0.0,0.0,0.0,0.0,0.0,-281.552277,-301.589012,-266.950951,0.0,0.0,0.0,0.0,0.0,0.0,0.0,0.0,0.0,0.0,0.0,0.0,0.0,0.0,0.0,0.0,0.0,0.0,-2810.390119,-3093.390119,-2565.390119
P1b,60,B,10,0,0,plain-younger,7211.787947,6742.345674,8076.082323,2810.390119,2565.390119,3093.390119,5827.008224,5471.152771,6300.912512,5952.504189,5547.222506,6458.532249,6320.063047,5876.439804,6779.019531,1430.239747,1295.555606,1571.904749,2860.479494,2591.111212,3143.809499,0.0,0.0,0.0,0.0,0.0,270.839012,2910.390119,2740.390119,3111.390119,0.775468,0.732304,0.819899,181069.204074,168706.172621,197464.469382,152575.927057,144899.969853,164562.413365,0.774867,0.732204,0.819706,98.0,92.45,104.1,221.5,206.9,241.55,25.0,19.0,32.1,2.0,2.0,2.0,2.0,2.0,2.0,45.0,39.0,52.1,60.0,60.0,60.0,60.0,60.0,60.0,60.0,60.0,60.0,275331.697691,247378.648101,316803.514925,92375.046691,82057.97371,104720.32865,0.011287,0.010007,0.014043,0.365163,0.331996,0.383143,45.0,39.0,52.1,1.0,1.0,1.0,20.0,20.0,20.0,0.0,0.0,0.0,0.0,0.0,0.0,0.0,0.0,0.0,0.0,0.0,0.0,0.0,0.0,0.0,20.0,20.0,20.0,5827.008224,5471.152771,6300.912512,0.0,0.0,0.0,0.0,0.0,0.0,0.0,0.0,0.0,0.0,0.0,0.0,120.0,120.0,120.0,20.0,20.0,20.0,2810.390119,2565.390119,3093.390119,0.0,0.0,0.0,0.0,0.0,0.0,0.0,0.0,0.0,0.0,0.0,0.0,0.0,0.0,0.0,0.0,0.0,0.0,0.0,0.0,0.0,0.0,0.0,0.0,0.0,0.0,0.0,0.0,0.0,0.0,0.0,0.0,0.0,0.0,0.0,0.0,0.0,0.0,0.0,0.0,0.0,0.0,0.0,0.0,0.0,0.0,0.0,0.0,0.0,0.0,0.0,0.0,0.0,0.0,0.0,0.0,0.0,0.0,0.0,0.0,0.0,0.0,0.0,0.0,0.0,0.0,0.0,0.0,0.0,0.0,0.0,0.0,0.0,0.0,0.0,0.0,0.0,0.0,0.0,0.0,0.0,0.0,0.0,0.0,0.0,0.0,0.0,0.0,0.0,0.0,0.0,0.0,0.0,0.0,0.0,0.0,0.0,0.0,0.0,0.0,0.0,0.0,0.0,0.0,0.0,0.0,0.0,0.0,0.0,0.0,0.0,0.0,0.0,0.0,0.0,0.0,0.0,0.0,0.0,0.0,0.0,0.0,0.0,0.0,0.0,0.0,0.0,0.0,0.0,0.0,0.0,0.0
P1d,60,B,10,0,0,plain-younger,7211.787947,6704.28265,8081.063874,3185.390119,2750.181959,3563.390119,5843.479611,5490.702771,6338.312512,5952.504189,5558.514346,6476.532249,6320.063047,5876.439804,6797.019531,1432.753443,1307.341033,1564.45961,3201.72587,2766.065291,3638.03863,0.0,0.0,0.0,0.0,0.0,221.41289,2960.0,2729.0,3180.0,0.747932,0.704924,0.800907,180249.788878,168471.487159,195078.729044,153416.89163,145209.715749,167297.779407,0.774867,0.732788,0.819706,98.0,91.9,104.1,220.5,206.9,241.0,25.0,19.0,32.1,2.0,2.0,2.0,2.0,2.0,2.0,45.0,39.0,52.1,57.0,53.95,59.275,57.0,53.95,59.275,60.0,60.0,60.0,273147.962872,245734.924266,313500.09242,94071.0835,83289.107461,105138.237111,0.011261,0.009989,0.014002,0.366863,0.336034,0.387637,45.0,39.0,52.1,1.0,1.0,1.0,20.0,20.0,20.0,0.0,0.0,0.0,0.0,0.0,0.0,0.0,0.0,0.0,0.0,0.0,0.0,0.0,0.0,0.0,20.0,20.0,20.0,5843.479611,5490.702771,6338.312512,0.0,0.0,0.0,0.0,0.0,0.0,0.0,0.0,0.0,0.0,0.0,0.0,120.0,120.0,120.0,20.0,20.0,20.0,2960.0,2643.5,3180.0,0.0,-81.795302,37.66966,310.0,68.0,661.0,14.5,-38.998161,55.076839,0.0,-61.761222,31.238778,0.0,-61.761222,31.238778,-1.179723,-37.361269,26.657692,310.0,68.0,661.0,0.0,0.0,0.0,0.0,-45.85,0.0,39.609881,-140.390119,170.609881,-0.026354,-0.062376,-0.010553,-1466.448061,-4539.488928,82.039946,914.479142,-1187.037165,4623.422506,0.0,-0.000795,0.001184,0.0,-1.55,0.0,0.0,-3.1,1.55,0.0,-0.55,0.0,0.0,0.0,0.0,0.0,0.0,0.0,0.0,-0.55,0.0,-3.0,-6.05,-0.725,-3.0,-6.05,-0.725,0.0,0.0,0.0,-1283.946743,-5270.533728,303.743185,1200.0,-1624.0,4124.0,0.0,-5.6e-05,0.000134,0.002445,-0.001155,0.008901,0.0,-0.55,0.0,0.0,0.0,0.0,0.0,0.0,0.0,0.0,0.0,0.0,0.0,0.0,0.0,0.0,0.0,0.0,0.0,0.0,0.0,0.0,0.0,0.0,0.0,0.0,0.0,14.5,-38.998161,55.076839,0.0,0.0,0.0,0.0,0.0,0.0,0.0,0.0,0.0,0.0,0.0,0.0,0.0,0.0,0.0,0.0,0.0,0.0,106.160058,-11.628897,199.609881
P0,60,B,20,0,0,plain-younger,10736.954138,10130.898954,11660.582323,4575.655428,4188.390119,4966.890119,9172.544539,8841.838031,9844.754602,9409.808268,9013.883106,10107.448529,9741.196541,9347.026779,10416.832842,2308.35056,2107.055606,2503.706751,4616.70112,4214.111212,5007.413502,0.0,0.0,0.0,0.0,0.0,433.56289,4680.390119,4483.890119,4966.890119,0.847901,0.815357,0.880141,290629.204074,272489.606674,315248.969382,251820.134866,238003.156369,270263.02143,0.847499,0.815287,0.880013,99.0,93.0,104.55,222.0,212.45,243.1,25.0,19.0,33.0,2.0,2.0,2.0,2.0,2.0,2.0,45.0,39.0,53.0,60.0,60.0,60.0,60.0,60.0,60.0,60.0,60.0,60.0,386036.961383,352694.86675,432651.014925,146985.279883,131962.97371,165104.32865,0.007523,0.006703,0.009347,0.400136,0.371756,0.415594,45.0,39.0,53.0,1.0,1.0,1.0,20.0,20.0,20.0,0.0,0.0,0.0,0.0,0.0,0.0,0.0,0.0,0.0,0.0,0.0,0.0,0.0,0.0,0.0,20.0,20.0,20.0,9172.544539,8841.838031,9844.754602,0.0,0.0,0.0,0.0,0.0,0.0,0.0,0.0,0.0,0.0,0.0,0.0,120.0,120.0,120.0,20.0,20.0,20.0,4575.655428,4188.390119,4966.890119,0.0,0.0,0.0,0.0,0.0,0.0,0.0,0.0,0.0,0.0,0.0,0.0,0.0,0.0,0.0,0.0,0.0,0.0,0.0,0.0,0.0,0.0,0.0,0.0,0.0,0.0,0.0,0.0,0.0,0.0,0.0,0.0,0.0,0.0,0.0,0.0,0.0,0.0,0.0,0.0,0.0,0.0,0.0,0.0,0.0,0.0,0.0,0.0,0.0,0.0,0.0,0.0,0.0,0.0,0.0,0.0,0.0,0.0,0.0,0.0,0.0,0.0,0.0,0.0,0.0,0.0,0.0,0.0,0.0,0.0,0.0,0.0,0.0,0.0,0.0,0.0,0.0,0.0,0.0,0.0,0.0,0.0,0.0,0.0,0.0,0.0,0.0,0.0,0.0,0.0,0.0,0.0,0.0,0.0,0.0,0.0,0.0,0.0,0.0,0.0,0.0,0.0,0.0,0.0,0.0,0.0,0.0,0.0,0.0,0.0,0.0,0.0,0.0,0.0,0.0,0.0,0.0,0.0,0.0,0.0,0.0,0.0,0.0,0.0,0.0,0.0,0.0,0.0,0.0,0.0,0.0,0.0
P1a,60,B,20,0,0,plain-younger,10736.954138,10130.898954,11660.582323,0.0,0.0,0.0,8720.242262,8403.085303,9361.475998,9409.808268,9013.883106,10107.448529,9741.196541,9347.026779,10416.832842,2340.770172,2142.962529,2565.368252,4627.052736,4260.203966,5080.632873,0.0,0.0,0.0,0.0,0.0,433.56289,4680.390119,4483.890119,4966.890119,0.847901,0.815357,0.880141,290629.204074,272489.606674,315248.969382,251820.134866,238003.156369,270263.02143,0.847499,0.815287,0.880013,99.0,93.0,104.55,222.0,212.45,243.1,25.0,19.0,33.0,2.0,2.0,2.0,2.0,2.0,2.0,45.0,39.0,53.0,60.0,60.0,60.0,60.0,60.0,60.0,60.0,60.0,60.0,386036.961383,352694.86675,432651.014925,149343.243456,134728.53896,166919.124011,0.007523,0.006703,0.009347,0.400136,0.371756,0.415594,45.0,39.0,53.0,2.0,2.0,2.0,19.0,19.0,19.0,0.0,0.0,0.0,0.0,0.0,0.0,0.0,0.0,0.0,0.0,0.0,0.0,0.0,0.0,0.0,20.0,20.0,20.0,8720.242262,8403.085303,9361.475998,0.0,0.0,0.0,0.0,0.0,0.0,0.0,0.0,0.0,0.0,0.0,0.0,120.0,120.0,120.0,20.0,20.0,20.0,0.0,0.0,0.0,0.0,0.0,0.0,-4575.655428,-4966.890119,-4188.390119,-453.052277,-484.689012,-438.752728,0.0,0.0,0.0,0.0,0.0,0.0,42.05545,1.072227,72.243351,40.065358,0.467382,120.208583,0.0,0.0,0.0,0.0,0.0,0.0,0.0,0.0,0.0,0.0,0.0,0.0,0.0,0.0,0.0,0.0,0.0,0.0,0.0,0.0,0.0,0.0,0.0,0.0,0.0,0.0,0.0,0.0,0.0,0.0,0.0,0.0,0.0,0.0,0.0,0.0,0.0,0.0,0.0,0.0,0.0,0.0,0.0,0.0,0.0,0.0,0.0,0.0,0.0,0.0,0.0,2403.9215,28.0429,7212.515,0.0,-0.0,0.0,0.0,0.0,0.0,0.0,0.0,0.0,1.0,1.0,1.0,-1.0,-1.0,-1.0,0.0,0.0,0.0,0.0,0.0,0.0,0.0,0.0,0.0,0.0,0.0,0.0,0.0,0.0,0.0,0.0,0.0,0.0,-453.052277,-484.689012,-438.752728,0.0,0.0,0.0,0.0,0.0,0.0,0.0,0.0,0.0,0.0,0.0,0.0,0.0,0.0,0.0,0.0,0.0,0.0,-4575.655428,-4966.890119,-4188.390119
P1b,60,B,20,0,0,plain-younger,10736.954138,10130.898954,11660.582323,4575.655428,4188.390119,4966.890119,9172.544539,8841.838031,9844.754602,9409.808268,9013.883106,10107.448529,9741.196541,9347.026779,10416.832842,2308.35056,2107.055606,2503.706751,4616.70112,4214.111212,5007.413502,0.0,0.0,0.0,0.0,0.0,433.56289,4680.390119,4483.890119,4966.890119,0.847901,0.815357,0.880141,290629.204074,272489.606674,315248.969382,251820.134866,238003.156369,270263.02143,0.847499,0.815287,0.880013,99.0,93.0,104.55,222.0,212.45,243.1,25.0,19.0,33.0,2.0,2.0,2.0,2.0,2.0,2.0,45.0,39.0,53.0,60.0,60.0,60.0,60.0,60.0,60.0,60.0,60.0,60.0,386036.961383,352694.86675,432651.014925,146985.279883,131962.97371,165104.32865,0.007523,0.006703,0.009347,0.400136,0.371756,0.415594,45.0,39.0,53.0,1.0,1.0,1.0,20.0,20.0,20.0,0.0,0.0,0.0,0.0,0.0,0.0,0.0,0.0,0.0,0.0,0.0,0.0,0.0,0.0,0.0,20.0,20.0,20.0,9172.544539,8841.838031,9844.754602,0.0,0.0,0.0,0.0,0.0,0.0,0.0,0.0,0.0,0.0,0.0,0.0,120.0,120.0,120.0,20.0,20.0,20.0,4575.655428,4188.390119,4966.890119,0.0,0.0,0.0,0.0,0.0,0.0,0.0,0.0,0.0,0.0,0.0,0.0,0.0,0.0,0.0,0.0,0.0,0.0,0.0,0.0,0.0,0.0,0.0,0.0,0.0,0.0,0.0,0.0,0.0,0.0,0.0,0.0,0.0,0.0,0.0,0.0,0.0,0.0,0.0,0.0,0.0,0.0,0.0,0.0,0.0,0.0,0.0,0.0,0.0,0.0,0.0,0.0,0.0,0.0,0.0,0.0,0.0,0.0,0.0,0.0,0.0,0.0,0.0,0.0,0.0,0.0,0.0,0.0,0.0,0.0,0.0,0.0,0.0,0.0,0.0,0.0,0.0,0.0,0.0,0.0,0.0,0.0,0.0,0.0,0.0,0.0,0.0,0.0,0.0,0.0,0.0,0.0,0.0,0.0,0.0,0.0,0.0,0.0,0.0,0.0,0.0,0.0,0.0,0.0,0.0,0.0,0.0,0.0,0.0,0.0,0.0,0.0,0.0,0.0,0.0,0.0,0.0,0.0,0.0,0.0,0.0,0.0,0.0,0.0,0.0,0.0,0.0,0.0,0.0,0.0,0.0,0.0
P1d,60,B,20,0,0,plain-younger,10736.954138,10064.146302,11693.582323,5075.390119,4427.181959,5698.890119,9192.044539,8858.688031,9895.081441,9409.808268,9013.883106,10148.187307,9741.196541,9347.026779,10457.57162,2291.112927,2127.970838,2482.533123,5095.311411,4443.065291,5773.53863,0.0,0.0,0.0,0.0,0.0,359.96289,4740.0,4423.5,5043.0,0.817547,0.76615,0.86093,289094.788878,272261.102865,311495.709829,254055.900469,238205.309369,273114.659017,0.847499,0.815442,0.880013,99.0,93.0,104.55,221.5,212.45,243.1,25.0,19.0,33.0,2.0,2.0,2.0,2.0,2.0,2.0,45.0,39.0,53.0,58.0,53.95,59.275,58.0,53.95,59.275,60.0,60.0,60.0,382982.251266,350011.358291,427815.59242,149726.0835,134155.107461,164687.237111,0.007535,0.006678,0.009347,0.404185,0.375229,0.420473,45.0,39.0,53.0,1.0,1.0,1.0,20.0,20.0,20.0,0.0,0.0,0.0,0.0,0.0,0.0,0.0,0.0,0.0,0.0,0.0,0.0,0.0,0.0,0.0,20.0,20.0,20.0,9192.044539,8858.688031,9895.081441,0.0,0.0,0.0,0.0,0.0,0.0,0.0,0.0,0.0,0.0,0.0,0.0,120.0,120.0,120.0,20.0,20.0,20.0,4740.0,4262.5,5043.0,0.0,-16.5,33.0,325.0,111.5,1052.0,16.25,1.8,74.602248,0.0,-16.5,33.0,0.0,-16.5,33.0,-3.22139,-56.140795,38.882692,325.0,111.5,1052.0,0.0,0.0,0.0,0.0,-42.7,0.0,29.609881,-268.714566,229.109881,-0.022887,-0.067499,-0.011215,-1412.903083,-6891.637821,791.688089,958.439524,-1411.594292,6850.710574,0.0,-7.1e-05,0.000516,0.0,-0.55,0.0,0.0,-0.55,1.1,0.0,0.0,0.0,0.0,0.0,0.0,0.0,0.0,0.0,0.0,0.0,0.0,-2.0,-6.05,-0.725,-2.0,-6.05,-0.725,0.0,0.0,0.0,-1202.903083,-6147.137821,1131.558817,1750.0,-3820.0,6685.5,0.0,-2e-05,1.1e-05,0.001519,-0.002195,0.009196,0.0,0.0,0.0,0.0,0.0,0.0,0.0,0.0,0.0,0.0,0.0,0.0,0.0,0.0,0.0,0.0,0.0,0.0,0.0,0.0,0.0,0.0,0.0,0.0,0.0,0.0,0.0,16.25,1.8,74.602248,0.0,0.0,0.0,0.0,0.0,0.0,0.0,0.0,0.0,0.0,0.0,0.0,0.0,0.0,0.0,0.0,0.0,0.0,89.609881,-63.390119,299.609881
